easy,predict,truth
1.149,39442,45321
1.591,220732,138709
1.104,452489,499558
1.001,984525,985048
29.705,89949,2671926
1.002,922277,920110
1.047,1991434,2085616
23.27,3167,136
23.172,167374,3878469
60.821,595923,36244344
14.809,181,2682
1.016,452568,459925
62.802,341069,21419885
1.094,807063,882915
1.137,2754718,2423144
3.298,125007,412290
1.002,922139,919850
22.145,204288,4523930
4565.722,1053,4808162
5.988,9401,1570
48.182,53,1
11.334,51578,584599
2.14,11349,24291
196.168,253,49650
36069.75,4621,166681922
16.087,114541,7120
1.111,9086878,10099080
13.49,139576969,10346997
1.002,1823596,1827632
1.002,461070,459925
1.001,1541006,1543264
2196.723,6203,13626495
2526.3,10154,25652300
1.031,723251,701649
1.054,5340859,5626795
3.232,2505,8097
1942083.501,111,215765477
67.916,31938,2169112
1789.109,22867,40911741
188.283,18386,3461792
2908.388,2576,7492298
162.941,13998,2280866
11.086,125246,1388460
1.289,6517,8398
1.024,359779,368246
70.258,4298,301974
2.614,4242,11087
29.368,15423,452939
14.179,4429,62800
3181.685,25230,80274241
43.14,522,12
1.002,461208,460185
1269.426,10088,12806097
2602.581,8068,3
1.124,391663,348305
7.609,1264,9618
7312.733,11477,83928972
23.347,128691,3004615
15.639,32,502
1.665,994,597
14.806,176223,2609129
58.23,100374,5844784
34.382,13035,448175
1.071,13559848,14528932
1.11,6068,6735
2.361,77,182
7.691,16887,129875
1.883,138,260
1.137,1336698,1519569
1.005,659384,662825
52.399,3778,72
1.172,9608,8199
1.052,6211716,6534671
3.954,132041,522121
5.638,101,570
14.814,34638,513114
23.837,9871,414
1.0,2862291,2863449
1.437,7418,5162
35.746,8304,296839
7397.143,15534,2
1.017,312752,318019
1.05,424797,446207
1.049,2204511,2312713
1.168,4895788,5719086
8.64,8082,69827
1.081,741786,802140
1.034,609323,629900
213.429,4291,915845
1.016,905389,920110
788.238,3917,3087608
58.111,11024,640621
601.1,35525,59
1.076,13791285,14835720
2.258,1041,2351
1.001,1480074,1478437
1.227,14411,11744
7.113,207,29
4764.064,35052,166990434
1.144,27,31
6.442,11695,75335
1.115,9753002,10872384
58.168,254854,14824459
10.345,162,1677
286.944,8637,30
1.97,213,108
1.339,8011289,10723562
1140.092,11952,13626495
1.145,1950897,2233850
5440.159,55237,300498586
17.732,331,5871
178.596,9056,1617387
1.079,11809233,12744652
1.008,78883,79548
18.197,111,6
34.005,353998508,10410173
1.016,783326,771090
2.429,265,109
175.701,1805,317158
1855.446,16321,30282926
1.003,1137488,1134228
171041.387,591,101102564
26.228,63,1655
3.858,50566,195088
179.58,22681,4073078
1.016,452568,459925
31.94,10996,351218
2.696,20475,7594
34.178,258385928,7560006
6.847,135,925
13.182,197749141,15001296
1.024,2318823,2375457
1.027,3834031,3733700
1.013,2921153,2884117
1097.284,8888,8
157.495,9076,1429442
17.486,36913,645461
1.017,312752,318019
1.0,1866147,1865487
1.116,1671986,1865632
1.002,461070,459925
51.584,119881,6183914
86.453,65713,760
626.835,9152,5736860
1.016,8901432,8760538
1.082,23,25
1.016,48291,49075
1.042,3888770,4053229
45.572,27414,1249306
2784.356,28122,10
1.15,1047402,1204709
9.216,47,5
11.197,449,40
1.008,738520,744086
16.29,18475,1134
80.384,119057,1481
831.319,13934,11583679
1.002,461070,459925
425.943,5647,2405343
1.089,1375533,1263574
1.567,129310,82533
1.079,9183311,9911754
2.74,13892,38059
1.07,133495,124747
1.034,203023,209880
59.167,175718,10396795
1.075,5032276,5410520
33.008,129356064,3918883
1.145,1950897,2233850
46.374,25055,1161903
1.854,56,104
244.701,16645,4073078
1.074,118578,110402
303.449,29671,9003654
196.175,124845,24491470
15.431,59,912
3323.491,7590,25225628
1.147,424302,486554
2821.228,20816,58726960
1.239,311,251
1.016,1357956,1380035
2641.13,53268,140688003
517.867,1509,781513
45.591,136,6205
9.246,45,417
1.165,1757509,1508622
39.072,15708,613746
1.153,2930052,2542342
249.949,26420,6603681
1.002,249544,250045
1.073,8916268,9565151
36.028,51072,1840007
1.016,452821,460185
1.041,3748981,3903659
211.538,45125,9545684
1.148,2401703,2092876
7306.745,214,1564374
138.759,25190,3495358
20.261,510755296,25208667
167.718,24,4042
1.125,1889009,1679431
13.145,170312172,12956355
2007.352,117279,235420417
1.001,502123,501779
14.095,80906,1140346
1.173,259,304
78.197,138,10799
369.251,19238,52
1.002,748633,750135
6.024,121381,20149
9370.534,122754,13
29.824,34,1017
1.046,4177397,4369218
279.704,24581,6875422
1.039,2924120,3036719
61.233,392647,24042786
1.001,754195,753677
212.353,16302,3461792
1.097,1174369,1070310
139.899,20667,2891310
9.021,76045,8430
1.117,18693007,20885030
1.065,1021503,1088237
13.114,247113937,18843356
3539.42,10205,36120137
199.372,3043,606708
292.68,2480,725876
1926.988,54196,104435220
13.184,134,1768
397.394,141512,356
1.149,286329,328857
2.659,26767,10066
34.775,299052082,8599606
1.069,730295,682908
1.336,9864,7382
17.925,22755,407892
1.002,249544,250045
175.718,10125,1779158
12.993,85710,1113593
2.694,426,158
4.761,22464,4718
1.077,12880372,13867355
4661.749,9696,45200780
1.101,336771,370692
44.429,367617,16332927
15.835,5309,84071
1.157,1792472,1549870
31.704,107935656,3404525
1.127,53409,60214
2.478,169,419
24.104,39947,962873
10993.545,1269,13951908
1.035,2313538,2395365
1.073,1369337,1276255
11.363,183650091,16162623
1.019,4038283,3963336
740.234,11606,8591229
153.938,19796,3047366
3020.37,24465,8
112.75,93,10497
1.029,822397,799308
1.001,2862291,2858651
1.016,4019512,3954620
1.062,6863004,7286865
16.573,21819095,1316569
290.991,11340,3299869
1.024,1254486,1284184
1.024,1047826,1073408
14.854,48291,717308
25.47,4045,103028
1.233,18097,14675
14.125,154227,2178416
29.268,4934,144412
7185.42,2772,19918704
69.734,10137,706905
1.018,2058388,2095218
27807.399,1707,47470011
53070.6,598,31741526
11.964,1535,18366
3.306,53588,16211
2.499,171159,68493
13.155,158170317,12023255
59.771,104672,6256317
29.364,6786,231
1664.839,5161,3
14.81,10798,729
32.81,345082399,10517565
334.352,10278,3436502
747.897,35436,26502548
6.187,78396516,12670688
16.133,138,2228
1.828,2261,4134
79.334,42883,3402068
208.971,18065,3775087
567.407,4596,8
1.07,12119300,12970088
12.808,121092353,9454081
1881.537,91450,172066782
20.161,514379730,25513922
1.127,1369010,1214334
1.084,709944,655021
93.477,204035,19072499
2.611,4296,1645
1.673,132,221
94.069,20940,1969805
594.833,22908,13626495
84.685,13073,1107102
1.047,1946195,2038346
13.084,126356,1653223
11.519,27306,314547
32.048,1695,54324
1.022,449787,459810
21.512,26715,574703
4.973,22338,111085
71.74,11125,798111
1.099,5664278,6223494
1.049,1264003,1325361
3.506,385,1350
957.363,8712,9
500.965,20809,10424626
3911.931,60180,235420417
14.233,18710,266296
54.286,2,114
11.447,16687,191014
233.759,41401,9677870
1.071,5495151,5884963
258.079,12331,3182402
13623.757,1859,25327927
1.911,24913,47600
281.707,10228,2881323
14.053,404378146,28775972
36.094,33054842,915800
2.668,37,99
1.281,66761,85526
1.022,1030099,1052856
20.845,148,7
246.583,12389,3054936
656.048,15540,10195045
71.492,286,20454
1.05,524372,550776
1.034,203023,209880
31.391,242718,7619149
70.645,219,3
18.44,17193,317035
66.51,133748,8895531
1.039,2924120,3036719
3416.213,66960,228749970
12.223,291875702,23879869
18983.636,20882,1
34.728,201506,6997920
167.642,109179,18302951
742.719,19996,14851489
1.119,1426150,1274246
74.816,147906,11065765
38.017,76047,2891092
1.016,905136,919850
31.674,2781,88088
245.781,81220,19962373
1.051,1645353,1728552
199.478,9223,1839805
1.081,741786,802140
32.198,48821131,1516280
1.047,968573,1014457
12811.944,1834,23498387
14.788,127933,1891821
379.979,95,36136
18.963,158,2998
1.078,896643,966214
2893.641,1057,3058868
1.088,5394268,5869026
47.63,18680,889726
8.599,399,3432
1.234,38,47
1.002,461070,459925
1.018,1351529,1328216
264.387,117228,30993623
264.954,14334,54
3.727,192,716
1.128,1367445,1212715
230.525,175,40365
31.127,3287,102317
1.175,14687363,17251286
1.826,24,44
461.811,2952,1363312
62.377,338794,21132814
1.125,53409,60062
1.11,12642,11384
2.135,13953,6535
1.001,183161,183341
14.816,34385,509447
1.231,113422,92157
1.089,1316916,1434355
19.193,572769368,29842354
336.31,12534,4215337
22.186,90434,4076
40.476,7720045,190731
739.109,139,102810
1.073,10447314,11210743
619.006,11204,18
19.377,112839,2186508
1.016,452568,459925
221.766,22771,5049856
4.128,83908,346376
1.043,3444068,3593291
119.988,49840,5980191
21.495,198872716,9251938
1.033,1944385,2008924
16.487,31604,521072
162.059,10770,1745397
1.066,2404016,2563878
1.073,10447314,11210743
22.215,191899,4262997
10.331,140399,1450499
34.738,14217,493879
14944.286,31383,2
1.147,2491718,2172302
6.677,200,1336
15.186,76355,1159553
17.831,1264,22540
159.142,109487,17424043
1.001,1044951,1044222
1.1,10126,9203
23.439,10619,248903
71.648,26,1870
1.346,132,98
1.151,2235763,1942129
52.713,172178,9075987
26.733,909,24303
1.002,3698313,3704871
1.0,113016,113058
6957.978,6157,42840969
4.878,20,4
2247.218,142295,319768070
1.059,1399252,1481576
1.015,139816,141906
2.209,188,85
1.028,3532737,3633339
5.662,58124,10265
1069.21,8714,9317206
1.328,27,36
12.308,323915702,26318177
1.009,481645,477152
18.536,20095,1084
1553.145,108188,168031851
1.025,4001868,3905470
1.187,4895788,5813114
1279.514,7931,10147956
1.015,279631,283812
1.091,2618522,2399063
62.901,5348,336402
22.027,50061,1102686
1.057,2272370,2402475
49.228,1517,74684
1.119,1426150,1274246
100.788,13502,1360844
1.849,112654,208245
34.051,195212037,5732968
64.83,24254,1572398
83.111,191140,15885756
45.119,10003,451325
6765.253,11478,77652247
1.168,9791575,11438172
43.357,361549,15675762
271469.905,622,168881428
1.365,25232,18485
48.033,98,4712
240.827,12220,2942924
2.717,21636,58794
2.193,191,87
1525.235,14478,22082504
112.779,22947,2587956
1.071,5495151,5884963
68.699,10872,746904
1563.77,21298,33305320
1.034,890309,920332
27.587,152,4196
1.047,3079892,3224947
24.067,98,2361
139.246,16445,118
3728.114,12477,46516047
1722.588,20239,34863638
2.651,2446,6484
1.057,37419,39560
1.09,6928281,7548855
14.867,41970,623985
551.229,107115,59044942
16.695,49808,831541
23.453,117061,2745381
35.531,9102,323411
8.079,4858,39250
1.312,83080,109034
1.032,3635883,3751112
1.01,845973,854105
246.074,19008,4677399
1.015,419447,425718
70.548,271541,19156686
2.631,623100,1639327
1.081,741786,802140
1.084,3343971,3624977
15.246,86721,1322175
2.554,45991,117453
1152.225,13148,15149568
54.119,21237,1149334
1.062,1288415,1368866
2337.867,93086,217622900
1.098,1261253,1148867
1.126,1361919,1533909
1.996,178029,355261
9.298,5338,574
1.041,3832673,3991642
40752.784,233,9499474
1.011,550526,544750
752.774,30939,41
12.326,287780091,23347072
12.689,2275,28869
16.667,2,35
1.079,11809233,12744652
5315.721,8318,44216697
139.15,41207,5733954
22.303,102144,2278118
3.92,99375,389523
144.826,23477,3400088
1.081,4875018,5270569
1.29,3387,4370
285.314,129061,36822949
1.02,36661,37411
1.332,148357,197585
14098.289,14582,205582660
1.022,52589,53770
17.597,13400,235798
45.417,34158,752
3570.177,16282,58129981
46.258,23940,1107420
5.701,32,183
752.274,29671,22320792
279.906,24851,6955982
1.006,754195,749931
22.967,209,9
22.329,172684,3855828
50.0,133408,6670447
256.332,164,42064
29.239,23572,689223
1.014,4031726,4087742
1.22,5,4
38.169,271,7
1.124,1041042,926294
1.069,4607975,4923966
1.199,136623,163809
3822.128,10051,38416594
15.591,25283,394183
1.092,807063,881174
1.231,965639,784413
26.42,253,6687
6237.062,3906,24362587
1.444,666111,461350
1.075,1635401,1757686
17.726,23513,416802
3.732,115782,432112
18.821,12389,233176
23.822,503361449,21129717
12.551,41401,519616
1.381,54,39
1.055,1982052,2091068
2.786,305,850
14.397,108212,1557971
1.025,279438,286401
81.024,37,3006
77.606,23513,1824747
18.511,610101043,32958836
9637.06,1661,16008121
1.015,188612,185884
1.006,1446194,1438183
29.494,1011,29821
4.354,44,192
402.133,16706,6718081
19.477,16687,325020
419.142,29671,12436415
27.815,24201,673142
32.868,96228733,2927756
1.12,40056,35750
701.906,99039,141
14369.524,30176,2
11.095,11125,123428
15.833,20949,1323
1.095,7579569,8301049
1.149,39189,45023
27.263,96,2620
3.144,11031,3509
2.091,229,479
1.0,762387,762597
18.114,8746,158426
12.562,334752761,26647310
1.189,2151749,1810273
2239.69,6793,15214436
36.151,29834,1078518
103.066,11230,1157438
1180.294,9052,10684140
83.647,83181,6957869
400.964,21367,8567448
1.139,2492501,2188054
15.908,11525701,724521
1.115,2599475,2331492
2.437,119509,291247
33.889,363567015,10728038
15.61,40919864,2621317
15.38,77619,1193774
75.097,36,2711
38.328,25283,969058
1.038,475383,458080
1.058,624584,660923
804.539,72489,90
1.073,8916268,9565151
1.017,938509,954317
1.265,1658362,1311407
1.05,6196880,6504982
40.928,7985,195
13.92,28317,394184
14.209,133496,1896897
729.001,2968,2163748
1.117,18693007,20885030
1.995,67480,33826
1.064,21238,22593
33.339,168971132,5068325
1.099,5664278,6223494
31.265,3008281,96220
21.964,72310,1588200
1.041,1545374,1609243
1741.775,54228,94453128
1.082,607927,561678
39.161,11746,459993
32.066,113879729,3551412
1.389,9118,6564
11.656,160961132,13809718
61.512,420205,25847549
378.524,12945,4900031
1.032,1141755,1178729
156.529,1894,12
63.547,55623,3534689
171.993,15804,2718195
684.321,3560,2436252
121.806,20133,2452333
11550.782,303,3501042
4.199,1157186,4859095
27.421,1517,41601
1.035,1117130,1079219
59.751,80147,4788841
891.457,117687,104913005
111.95,41546,4651086
13.095,112,1468
7727.145,3852,29765737
137.51,19536,2686400
31.497,24980,793
13.46,124970498,9284360
1.042,18247936,19020418
1.051,614633,645987
83809.19,5494,460456073
527.575,6636,3501042
12.76,1591,20302
285.072,16544,4716259
16.211,1412,87
1172.992,24578,28829904
211.879,15613,3308085
65.642,71442,4689588
1.121,136623,121921
220.174,13893,63
16.189,57898,937298
1.505,13563,20409
155.405,11,1725
4.332,321,74
2.459,53495,131521
11.069,15172,167945
17.073,70,4
1.06,571825,605933
1.089,5354211,5829428
3245.439,17,55497
1.136,163193,143694
30.691,7538824,245636
6497.395,31,202069
1241.761,3525,4377332
160.647,2725,437779
1.001,72057,72126
16.522,539968237,32681903
2758.261,7153,19730120
103.272,132242,13656904
49.513,402002,19904143
1.037,114027,118234
213.472,19648,4194322
1.157,1206144,1394915
567.699,55254,31367719
33.602,375527648,11175812
1.343,636065,854176
783.383,6628,5192341
1.027,13147,13506
459.412,33583,73
16.191,27980634,1728115
2.2,2967,6527
2.357,356057,839227
13.294,153639774,11557165
2.402,53409,128275
340.0,0,34
1147.671,2361,2709766
15.197,76355,1160355
32.753,61980,2030052
1.233,25030,30850
23.071,20143,873
1.076,8759009,9425200
1.203,206,248
1069.832,84517,90419130
58.752,190635,11200155
1.126,6078194,6842112
35.08,138046,4842672
2074.09,19604,40660675
1.213,1023300,843673
303.104,22007,6670447
1.513,5309,8031
19.873,1264,25122
1.102,4005644,3633744
1.211,6826,8268
1.171,1741333,1487664
2.749,91,33
13.061,29076,379775
2.413,244,101
1.062,2150224,2284262
22.497,64725,1456124
159.091,175,1
13.345,240046290,17988079
814.794,23053,18783519
560.572,18736,10502924
19107.814,2141,40911741
1.119,1426150,1274246
1.602,226,141
13.941,93800,1307690
3.175,438,1391
154.838,41401,6410482
14.817,164593,2438707
1.029,5603451,5765094
1.046,1717976,1641804
23.944,5562,133181
8.948,1770,15839
1.075,13049499,14033580
10511.949,20598,216526178
1573.794,3994,6285889
1.039,1240266,1288928
37.287,7834,210
85.731,147906,12680066
14.882,13400,199426
1.359,1299,1765
16.064,29834,479261
3.502,1036,3628
2.517,38,15
1.045,1991434,2081986
1961.817,17771,34863638
1.02,2078484,2038459
465.654,22977,10699389
24.643,5116,126075
1.123,229954,204857
1.015,918935,932758
17.556,758,13309
2345.778,5572,13070907
1.138,108,123
1.047,2803479,2934819
105.51,118686,12522534
20.385,130005,2650164
1.022,176729,172987
87.951,243729,21436126
1.015,139816,141906
12.841,90,1157
1.102,2670430,2422496
29814.927,10725,319768070
1.25,2029526,2536243
7.911,15024,1899
10.206,29,297
183.595,148357,27237673
677.437,111078,75248403
256.359,2200,564016
1.098,1120577,1230707
406.231,12163,4941031
1.037,1825406,1892171
4444.446,14151,62893805
582.748,1710,996557
1.045,4127634,4315217
15.417,77114,1188901
2.086,56,117
15.79,82423,1301439
8.26,18157,2198
21.004,34891,732838
1348.094,6782,9142911
1.017,312752,318019
2.121,57859,122740
1.016,310982,316088
1.023,8604,8798
2110.84,112184,236802641
1.055,4210422,4442397
45.145,9485,210
1.039,1825406,1897478
79.407,21359,1696067
1.044,933167,893694
1.002,635618,637077
1.103,2670430,2421614
8.468,112558,13292
1.133,1503902,1327562
4.158,385729,1603946
109.793,136485,14985068
1625.187,8281,13458336
1.175,2176400,2556956
66.4,8596,570785
1.027,3464878,3557418
1911.573,102974,196842528
405.517,22344,55
19.402,10619,206036
3405.211,765,2605327
194.525,3803,739799
21.994,142998,3145055
1.037,2068341,2144381
2.11,271,572
2.214,384245,173590
6.123,54439005,8890212
4.453,4957,1113
1.053,3304278,3479555
51.911,204793,10630939
45.962,5057,232435
18.247,6826,124554
617.294,55527,34276555
71.895,307948,22139904
1.066,8242726,8786582
57.419,1517,87111
1.019,848228,864467
1.139,351972,309011
38.572,6484,168
14.884,33627,500510
16.136,7366,118859
1.016,452568,459925
346.683,985,341517
1.45,48,33
6.381,23123891,3623713
1.146,2242285,1956340
1.03,1274391,1312996
2.005,16541,33160
370667.372,582,215765477
1.047,2199987,2302439
1.254,40056,50243
1.015,139816,141906
33.277,51611946,1550980
6.187,78396516,12670688
33.013,4328,131
104.884,23260,2439614
11.98,9204,110267
1.002,437,436
57.709,11860,684437
77.221,18204,1405746
1967.615,130333,256445298
765.991,61547,47144540
1450.062,18087,26227417
1.017,1318896,1296632
85.593,144114,12335097
16.789,68297,1146655
5.096,26,133
1.087,1087485,1000828
21.436,2023,43367
1.286,767867,596931
3.656,896,245
1.025,3202942,3284099
100.755,8891,895822
3.642,15,55
15389.296,109264,7
38.479,28879,1111248
670.944,25031,16794472
1.041,2725668,2837933
20.67,88744,1834331
75.395,78373,5908976
72.688,16276,1183082
931.468,2087,1944067
1.139,81,71
1.042,481643,501777
1.037,45257,46946
6643.874,12657,84092182
24.609,24129,593784
1.591,534086,849994
1.173,1219507,1039994
33.311,57952,1930446
1.07,41970,44913
3676.078,18748,5
1.056,1650782,1742883
17.786,27,482
1.036,2931054,3036632
194.431,36155,7029683
21.386,191140,4087742
1.008,719859,714122
187.607,10719,2010973
2111.555,55292,116752311
59.009,129450,7638666
1.0,1555165,1555864
6.058,45595385,7526477
1.11,489579,543367
1986.153,89035,176837345
642.773,24697,15874634
73.43,9471,695463
1.157,4299392,4974252
29.18,178,6
163.546,12170,1990372
834.134,13846,11549497
1.031,1950719,2011547
1.008,562789,558046
60.015,126921,7617123
1.001,1222945,1221534
47.827,24301,508
1.027,253,260
32.167,70314027,2185930
1.238,8343,6738
1.728,365534,631788
3.021,81,245
192.54,17776,3422616
256.498,13584,3484298
1.153,519250,598457
60.087,125709,2092
60.022,574432,34478802
2052.494,20954,43008158
1.518,10280,15602
2.639,1011,383
1.18,16,19
905.475,1328,1202562
1.115,1524564,1700546
1.039,1240266,1288928
2.953,71742,24291
44.413,131522,5841227
6630.05,15231,100982959
2.515,8197,3259
12.997,111,1444
1.795,125193,224733
1.204,879758,1058826
1.038,2861838,2970038
2278.293,9341,4
186.894,11793,63
376.683,16834,6341112
105.759,35147,3717130
638.577,67907,43363891
1.997,118,59
1.48,3212,4754
148.927,81180,545
261.184,864,225689
7254.19,4071,29532532
3.141,12029,37786
208.989,17367,83
1.029,539795,555560
4.076,10986,2695
1.006,442455,440029
22.131,146642,3245297
1.12,12462005,13954696
61.863,411862,25478848
23.653,411482037,17396561
1.232,642107,521248
1.053,178029,169002
8783.218,4009,35212799
2.229,2967,6614
4.605,7253,1575
3.032,12418,4095
84.748,22484,1905477
48.209,12674,611002
32.16,11478,369140
4.199,1157186,4859095
913.086,24472,22345139
5.066,7427,37625
1.128,2817077,2497159
36.221,29125,804
1.045,3937629,4115899
1.527,309437,472545
29.32,1739729,59335
8645.184,2529,21864536
1.057,2545163,2691468
1.117,6968338,7782788
1.099,1335215,1467552
24.81,10113,250907
422.622,88,37233
6.257,145736,23291
17.28,592196337,34271335
518.409,506,262367
1.14,6876356,7839618
31.778,57938,1841131
14.74,47785,704352
1.134,1854569,1635500
1.007,503134,499560
1.099,698495,767507
10.303,17093,1659
1216.942,185,225256
4.046,231,57
2274.771,3154,7174854
30.617,29076,890226
6.141,57447285,9354131
1384.956,23622,32715558
1.044,94812,90852
1.02,118454,120820
208.334,19192,3998373
12.094,20573,248805
1350.146,41,55491
27.889,88,2457
980.55,55402,54324538
3675.514,15620,57411896
18.045,14159,255501
1.008,716524,711179
401.556,15501,6224554
1.369,215,157
5.866,406,2382
2482726.517,78,193900941
17.887,14664,262299
55.179,7033,388080
1684.896,23751,40018144
69.841,448523,31325102
107.608,219,23577
3.526,59343,209223
47.185,11182,527630
5.476,129,707
4005.259,15494,62057886
17098.91,3940,67371414
1.043,4078775,4256103
11.308,35144,397408
1.017,625504,636038
1.017,312752,318019
273.025,11656,3182402
3809.45,19488,74238946
51.468,115544,5946777
60.493,583029,35269066
1644.603,17376,28576783
70.28,20599,293
25.484,1517,38662
1717.075,18544,31841602
533.157,112989,60240879
7157.877,24662,176528279
14.882,68264,1015880
541.584,10190,5518800
16.82,10615,631
1.072,9102,8491
1.252,162,203
1186.023,73652,62
1.076,8759009,9425200
3817.857,14239,54362846
3.08,7771,2523
27.658,39442,1090880
23.387,90261,2110944
1.121,10619,9474
1.007,714640,719447
116.667,5,595
1.122,1472087,1652330
116.753,22545,193
3103.636,3414,1
1.085,523701,568187
13.122,67000,879143
2449.085,10519,25762173
13.942,141080,1966899
1613.333,13068,8
1.027,3530927,3627895
47.041,2023,95169
6.16,1898,308
1.555,118686,76310
1.081,1173960,1269001
14.47,151699,2195109
59.551,552183,32882810
657.997,4700,3092652
55.626,471025,26201305
13.681,70060317,5120969
10.368,1994,20674
1139.881,8787,10016244
21.695,59163,1283560
22.631,83940,1899630
39.211,36661,1437506
1.076,289532,311486
8015.715,24190,193900941
22.503,66747,1501996
50.191,97272,4882203
1.01,682391,675690
254.82,19721,5025323
15.386,77619,1194251
1.475,28188,41567
2906.928,23945,69606681
1211.562,1692,2050084
1.05,3304278,3468321
14.802,48291,714785
5.912,107,18
77.201,96,7419
29.384,368641223,12545668
11.335,23400,265229
1.033,1912718,1976144
12.966,114169684,8805237
1.802,129071,232615
1.034,310730,300646
199.42,27141,136
1.055,293537,309714
1463.283,14823,21690386
1.27,774911,610248
1550.313,54416,35
1.014,921805,934606
1.112,6231002,6930334
15.28,31857,486792
642.849,22269,14315664
1.07,12119300,12970088
4.455,45,10
109.466,6068,664248
18.621,13558,728
99.991,136581,13656904
4987.483,13508,67371414
697.785,4432,3092652
1.036,3726814,3862062
13.343,90284661,6766428
2580.764,8634,22282573
5.712,105072353,18394920
119.593,16755,140
1.013,814570,825245
869.513,9307,8092640
1.034,407606,421411
1.02,568870,557493
474.533,24814,11775106
1.16,4424012,5131044
1.08,1316916,1421831
18.431,7585,139798
33.613,230477783,6856729
1.1,356057,323646
15.895,234,3721
1644.905,22095,36344333
641.394,96,61638
1.051,329,346
4.159,108755,452274
66.968,119941,8032237
17057.073,69934,4
421.422,19379,8166774
20.107,518620318,25792602
28119.755,1058,29753513
1.028,2892601,2973501
1.008,219457,217611
33.304,152479955,4578495
1.05,2513496,2638754
84.062,2882,242276
101.993,141479,14429899
338.768,18374,6224554
362.207,27172,9841918
14.342,114533,1642677
3400.846,253,860754
236.358,28623,121
21.669,463601404,21394550
21.294,95823,2040494
1.154,2477629,2147137
2752.346,22294,8
37.086,73983,2743720
3.19,3186,10165
1.016,200282,203472
1.003,798947,796638
1.119,142423,159375
1.059,553277,585956
527.13,5474,2885565
11041.042,13050,144086704
1912.895,119583,228749970
50.488,207,4
1.032,15928,16437
6.196,77019231,12429921
16.388,6262,382
2.308,3845,1666
16.273,523875748,32192204
225.097,8126,36
44.268,1421,32
16.734,419310816,25058064
284.187,255,72496
1.005,115797,115244
20414.0,8221,167825532
41.083,80798,3319446
1.156,1266993,1095876
1.028,1264003,1298989
23.689,63461,1503330
1.081,4875018,5270569
3.762,117,31
13.377,17193,230000
1.001,257129,256906
16.092,73068,1175842
38.866,156,6067
12.623,277305476,21968141
26026.674,15255,397039513
1.254,1266732,1009943
209.227,11395,2384164
55.049,253,13933
16.864,559866382,33198887
6.573,211,32
79.033,63,4987
33.84,158967693,4697625
46.697,253,11819
3114.491,67844,211299809
1.075,13049499,14033580
14.628,49546018,3387165
1.062,650994,691313
22.516,46774,1053171
1.389,24196,33614
204.453,222536,45498178
1.111,7838,8710
93.134,18543,199
85.397,24778,2115982
862.651,4788,4130459
1.029,23260,23926
2461.358,19937,8
3.656,102149,373463
45.5,82899,3771887
19.353,1705,32999
1.329,2248,1691
1.09,6928281,7548855
133.996,12455,1668934
5.436,17178,93385
1.042,3762553,3918818
7.9,380,48
771.342,106867,82431085
1.068,8397018,8966694
1.043,2768645,2887159
72.567,8425,116
1.028,1264003,1298989
1.045,4005035,4183832
1.045,2204059,2304137
1.119,1426150,1274246
4.832,12343,59647
1.0,1016527,1016985
52.858,1517,80191
30967.252,881,27285246
1.036,2894410,2999284
47.273,52,1
4.801,97926,470176
144.986,35391,244
16.495,99930,6058
1.127,4005644,4514695
11.221,18710,209952
16.806,11480,683
1.129,330577,292877
1.133,2322125,2049277
1.002,436892,436028
1.038,1825406,1894433
584.891,1395,815982
19.515,24525,478615
29.862,21629,645888
4030.245,3163,12748068
24.413,55117,1345582
24.396,24195,590269
13.884,16181,224661
588.806,5510,3244382
1.096,2023,1846
1.294,741514,572864
1.678,11969,20088
17449.091,19194,1
2.835,315,111
1.153,130,150
1.115,2762546,2477806
13.775,208,15
16.851,27053,455885
1.155,2820270,3258073
14.629,6321,92470
1.896,16319,30944
33.706,220401856,6538943
2.49,4589,11427
16.795,13653,229302
1.053,10113,9608
1.059,2491328,2637639
1.048,247606,259517
12.177,318225340,26132664
68.182,75,1
2411.986,3307,7976680
33982.95,998,33918382
1.095,1070814,1172924
17.986,21491,386537
1.071,756622,810196
18.168,17445,316941
1.164,170,146
15.894,12389,196918
1.592,801129,1275343
19.074,231,4408
10.3,290,2988
4.747,7418,35217
71.798,75,5392
24.476,53095,1299567
26.862,13024,349848
1.092,2624439,2867173
6.699,11848,79368
1.184,217,257
25977.438,789,20498796
1.173,2162707,1843035
3346.926,101620,340114978
858.276,3388,2907924
44.446,1449774,32619
1.702,6734,3957
23.977,45440,1089523
1.049,1264003,1325361
1.085,1443134,1566319
430.341,23469,10099712
395.538,2956,1169249
41.132,67460,1640
11.183,8091,90483
34.051,243598236,7153849
1.028,482428,495944
11.228,163317014,14545301
13.319,76439321,5738996
373.653,10126,27
1.058,624584,660923
1.017,1983536,1950840
652.463,4529,2955071
1.059,26294,27850
7.893,12516,98786
12.209,290715883,23811837
1.003,1669192,1674098
1.058,1377989,1457490
163.081,15509,95
57.743,2836,163764
20.169,48532,978849
18.817,20732,390124
20.032,10599,529
309.004,5910,1826243
149.889,24516,3674698
2711.905,5695,2
1.957,192,376
3310.768,14146,46834449
13.875,107624,1493267
1318.855,20680,27274043
2.004,11006,22056
300.692,14764,49
32.88,2023,66520
1.064,11840388,12601870
56.136,275586,15470369
9.126,4281,469
26.894,5836,156957
117.296,4514,529484
1.119,1426150,1274246
32.883,13229186,402307
11.304,9860,111460
1.045,2811369,2691416
1.726,8226,4767
1010.374,2998,3029201
1.982,17803,35292
13.458,32110,432144
1.025,272654,279371
19.093,506,9663
2048.348,8544,17501288
1.133,1538136,1742119
1.002,1238873,1236795
9282.277,9030,83819890
1.953,4724,9225
79.984,34638,2770481
1.683,1484,2498
1.125,391663,348296
13.041,223,17
2.76,130,47
1.273,4756,6053
1.231,1570696,1275869
1.053,115719,121863
64.709,8404,543823
208.374,24171,5036621
3.046,46,15
1.018,848228,863728
27.118,70,1901
1.016,102144,100537
122.649,317,38892
1.076,2280513,2453269
1.074,33469,35953
48.272,5260,253914
20.749,175212,3635518
15.461,218,14
39.877,1264,50409
1.044,3857555,4026913
1.041,824485,858671
1.146,24525,28104
1.146,2427534,2118017
14.962,113774,1702315
2.892,20105,6951
1.027,253,260
192.523,6931,1334399
3430.753,1325,4546091
25.747,393722309,15291801
5.299,35,186
1538.889,12465,8
2.919,4049,1387
56.617,3063,54
1.059,292264,309514
43.902,180,4
1.925,186930,359770
80.476,17445,1403918
1.047,747515,713930
1.335,143,107
1293.561,133869,173167825
1.09,5563395,6065224
11.552,123,1422
1.125,1462134,1644449
418.448,1586,663701
21.463,88,4
10484.674,4987,52288117
301.526,9679,32
520.061,23357,12147108
171.314,57289,9814443
1.015,139816,141906
1.007,720381,715630
239.248,131225,31395315
104.487,109899,11483057
1.034,203023,209880
1.126,22151,19666
1.15,2611738,2271520
15.902,62955,1001098
14.067,138393,1946844
17.9,2528,45253
1.012,2744608,2711157
33.781,103914,3510338
13.975,400971178,28692968
1.014,1172150,1156494
232.513,21129,4912791
20.035,13653,273534
4.901,15661,76760
1.095,2351462,2574562
6.192,24609910,3974526
210.0,231,1
412.263,383,157938
1.029,1895074,1949755
791.351,691,546903
1.09,323419,352456
49.032,152,3
134.399,23303,3131902
1.154,2513635,2177942
28.425,10872,309036
1.001,664640,663818
56.079,38683,2169317
1.14,1355985,1545912
29.233,125,3657
1.017,625757,636298
351.972,65854,187
5.288,30399,160746
30.607,3540,108352
1.039,2994389,3112390
1.068,1038500,972803
570.884,10333,18
132.579,10490,1390766
1581.394,91879,58
3.181,188,59
1.015,139816,141906
58.889,14159,833813
426.622,22227,52
4.246,166,39
6.187,78396516,12670688
22.253,73574,1637255
1.255,1765076,1406561
16.337,14664,239564
8.994,135659,1220056
134.804,11601,1563876
1.027,3450854,3543888
125.113,1099,137512
152.492,25024,164
1.458,14035,20468
1.011,250476,253308
19.167,45257,867431
16644.549,3466,57691672
15.703,167506,10667
10.483,60,630
33.923,362225974,10677765
1.195,7928,9474
13.57,15281,1126
1.152,1149321,997334
12.764,18317,1435
427.237,7491,3200474
182.426,8613,1571256
1.016,586063,595167
874.796,20998,18369049
653.163,55749,36413233
26.642,10422,277669
11.611,245,21
1111.01,7963,8847082
526.953,19023,36
700.227,85734,60033351
1980.575,24184,47898424
3268.025,18015,58873802
2268.264,12586,28548598
3176.244,21930,69655357
359.61,14859,5343478
1.458,356,244
50.145,7978,159
268.214,20371,5463822
1.19,43234,36324
1.082,1224628,1325103
223.987,140910,629
118.785,9355,1111244
61.504,405794,24958152
34.034,92640543,2721991
42.865,60968,2613387
2.414,410,990
4.033,198,49
1.029,469904,456466
117.687,16193,1905711
20.572,39947,821807
1.059,439116,414785
52.381,110,2
21.247,191140,4061135
35.223,55888778,1586726
12.734,58657,746921
1.419,188,267
3.982,311,78
46.254,372926,17249314
13.421,84666788,6308415
16.481,26294,433356
2109.193,4911,10358457
867.689,18853,16358620
5.434,31,169
1018.369,905,921726
1.002,3619144,3627913
389.571,59343,23118322
1.016,534232,542901
1.087,26800,24660
83.805,178752,14980278
7073.408,18158,128439648
1.175,14687363,17251286
155.455,171,1
12.507,439,35
1.974,203,401
21.866,7585,165858
3234.635,322,1041876
1976.571,57704,114056248
1644.191,33451,54999996
19.012,586360997,30841695
518.8,8940,4638127
187.119,1846,345441
23.1,99110,2289443
1.053,3060609,3221404
3.683,80,295
859.156,14948,12842750
1.043,1780286,1707014
400.596,105997,42462011
23.948,9355,224037
5.539,32283,178810
3096.201,410,1269752
662.678,13538,8971401
1.019,450597,459156
31436.829,128891,4
2.739,192,70
68.192,120600,8223925
139.73,152,21253
81.532,11883,968855
1.271,22451,28525
1.028,984946,1012638
63.061,137417,2179
69.372,24053,1668621
17.857,29834,532762
1.076,61978,57603
22.387,434388463,19403836
19.12,22947,438752
122.1,22249,2716615
389.925,137756,53714510
1.002,1721022,1717159
68.685,460153,31605841
24.024,407422671,16958858
71.479,101891,7283049
570.944,11285,6443159
158.597,3505,22
539.394,106958,57692588
302.511,125011,37817193
51.226,57,2925
3.121,114425,357093
1.048,1375011,1312144
560.838,90043,50499621
22.487,55117,1239405
1021.921,15431,15
13.382,17663,236364
1.127,4005644,4514712
45.49,5,232
264.4,24880,94
1.066,16434,17526
1974.867,16258,32107589
13.409,139939412,10436451
1.077,12829931,13816125
25.323,5906,149558
932.822,22481,24
6352.824,12400,78775652
13.692,67088281,4899878
13.063,7198,94028
1.046,96834,101253
9.534,11684,111401
28.158,373606698,13268140
679.815,18423,27
2.224,2967,6598
11.736,21743,255167
2.217,178029,394722
3.063,392,1201
11.694,25283,295655
23.969,314,13
3.853,25283,97427
17.112,578061042,33780273
824.56,1593,1313606
1.035,120853,125098
3.114,4853,15114
1.133,1304304,1151036
22.782,420506879,18457832
1.524,7121146,10849149
584.383,4944,2889250
7855.568,26888,211221291
17.056,573276789,33610970
12.376,49808,616407
4.017,227548,913964
1.086,108301,99719
14.227,125657,1787680
132.02,5162,39
1.133,717,633
17.072,3034,51797
1.025,1367853,1401902
198.621,9270,1841238
1.135,12016933,13638164
1.041,2342943,2438713
1.0,922075,921643
106.655,17871,1906043
123.54,17234,2129096
10.991,239,2628
428.462,3899,9
5.301,12501,2358
6.22,77671629,12488123
2.772,1335215,481630
17.785,19468,346234
36.112,334243,12070297
5166.989,2113,10918365
19.249,9355,180072
1.13,30593,27085
9.981,14473,1450
530.44,4827,9
3.292,283,932
1.628,86047,140065
1.042,245246,255571
3491.935,10825,3
378.994,122453,323
164182.374,264,43360565
1.154,1110445,962104
1.017,2967144,2916438
313.548,59343,18606886
18.893,5815,109867
1.004,2809361,2819615
1.796,332509,597043
3.286,149,490
6859.508,8920,61187500
1.578,40056,63206
28.095,2,59
1.021,64692,63338
518.683,91,47252
848.71,2631,3
8.534,163,19
10.519,50,527
135.14,19085,2579165
21.799,458273486,21022991
1.019,104672,106661
18.06,19974,360739
1.003,894264,896788
22.186,149676,3320711
6.29,28814253,4581252
13.417,81912217,6104987
1.117,409,366
1.68,182,306
1107.473,10078,9
1.149,290889,334142
3.1,27,84
4.437,102,453
13.607,70060317,5149022
2.148,4245,1976
29.232,164,4797
1.016,397198,391036
1.038,2706667,2808642
18.189,15423,280528
1.326,135005,179018
1.097,676780,742738
21.59,8068,174190
1.199,121653,145880
4.158,771457,3207892
28.066,15838778,564350
784.976,24917,19559328
225.121,82802,18640518
32.256,102354027,3173131
1.048,2275,2171
1.079,8296135,8950757
1.007,788581,793962
100.952,212,2
5.381,32366199,6014618
1.591,267043,424997
1.006,163582,164488
24.816,59921,1487010
22037.989,807,17786861
22.083,178246,3936281
35.335,92536,3269780
1.002,499089,500090
1.073,13642928,14637966
12.477,77,962
9.698,3046,314
13.665,384,28
1.079,9183311,9911754
4622.717,337,1558318
13.459,125224209,9304265
58.804,172684,10154483
2.917,76,222
32.604,3225747,98936
22.135,88744,1964384
39.344,240,6
1.504,309437,465401
13.727,75361,1034479
11.87,228665566,19264217
166.586,45191,7528224
1.021,433100,442380
1.312,192,252
1119.004,11676,13065603
1.052,764736,726731
1.151,15928,13840
33.017,11779412,356767
48.282,387843,18725814
4.806,910,4374
6.252,54982670,8795001
184.025,25228,4642610
33.013,230622761,6985805
1.023,1843049,1884551
1.177,34122,28982
96.143,9264,890676
1.992,167506,84071
2.116,162,343
58.662,41,2411
83.025,132484,10999504
14.46,160042,2314240
413.018,25240,10424626
639.728,21175,33
1038.799,82531,85733188
9.945,35396,352009
444.331,16929,38
1.526,169,258
1.048,1586090,1663013
21.102,145125,3062415
5.785,20217,116964
36.345,101891,3703282
1.044,285178,297837
1.128,1039999,921846
143.126,1979,283261
1.084,3343971,3624977
6.187,78396516,12670688
1.843,308,167
1.036,29581,30647
435.141,11290,4912791
67774.674,422,28607690
4.126,682644,2816501
3.762,195,734
94.849,24353,2309864
1.008,129935,128903
34.279,14352760,418698
714.558,51632,36894130
33.4,272013802,8144239
57.252,8091,463228
2505.687,5451,13658751
1.055,767867,727660
33.66,230477783,6847295
192.554,3647,702264
1.047,3444068,3606212
14.505,118578,1719986
1.045,3042795,3179096
1.089,237372,258506
2987.178,123875,370036943
1.962,129524,66002
18.372,617349911,33603284
13.348,114,1523
22.033,191899,4228025
1.126,1361919,1533909
1.007,327164,329492
46.383,69648,3230513
5.455,6,1
1.023,260669,266599
12188.318,98,1195674
1.068,8397018,8966694
14.874,14310,962
1.094,219,200
19.087,8343,159248
17860.031,22160,395780072
2782.124,14977,41668155
16.081,47785,768424
13.348,96663665,7241831
1.017,313005,318279
1.272,593429,754865
464.111,103660,48109803
2.267,1011,2292
12847.865,331,4253928
1.019,3312874,3377245
1.378,244,177
1.038,4044846,4200194
8350.909,9186,1
43.989,22263,506
3045.695,7515,22888699
155.549,39525,254
6.26,82,13
1.022,482149,492958
578.843,7004,12
241.281,108097,26081779
1.019,657867,670584
46.709,12917,603348
743.414,82306,61187500
15.362,471140228,30668475
31.993,180,5762
1.016,744124,732296
1161.361,5103,5926541
1.028,3444973,3541102
6982.112,1108,7736878
56.537,23446,1325575
89.806,56497,629
1.245,269,335
1.019,2872243,2926294
1.102,15928,14449
1.029,67576,65652
6.763,163,24
1.043,2973127,3101271
1.18,2126179,1801339
550.822,16915,9317206
84.164,16098,1354883
17.74,14159,251184
2184.754,185,404398
83.91,84455,7086649
201.463,9658,1945745
88.486,9150,809660
3.608,195,704
216.863,20833,4517937
463.148,100433,46515385
154.57,33208,5132989
1.002,1327617,1324576
22.715,60679,1378310
104.651,4275,447393
1.886,18929,10037
41.119,83,3417
2.782,231,643
23.868,320,7640
317.49,24514,7782975
14.974,46284027,3090862
20.68,438,9060
22.427,71551,1604674
1.02,275333,269915
1994.681,28125,14
141.16,199,28105
1.245,91,73
1.054,2020840,2129608
16.096,72057,1159824
7.905,2275,17984
1.21,3392,4105
1.169,14893,12739
18.012,647034029,35921831
322.356,6157,19
1.095,6604863,7232899
33.299,4045,134696
21.442,470741540,21954428
94.721,213,20185
6.354,18,115
1077.341,36,38892
1.042,367343,382937
1.011,3044290,3011654
5.343,3823,20428
30.629,9608,294282
2.023,167,338
26.061,50523,1316669
5.214,6089050,1167874
12.189,18204,221896
3.251,178,579
21.758,13147,286053
93.264,22400,2089131
4.022,118686,477370
382.673,24912,65
1.656,136086,82159
73.548,228,3
16.639,13653,227174
1.059,5204371,5511753
19.827,11377,225569
1.042,1194275,1145990
49.789,54368,2706940
59.463,24983,1485558
28.666,20985,601552
1.342,4551,3390
22.198,30593,679103
12.199,314455929,25777044
1.911,81,155
610.421,22323,13626495
45.317,142850,6473597
1.278,3287,4200
74.057,6181,457752
1.654,314866,520878
1.055,2873679,3031902
17.756,2781,49382
1.081,16434,17772
5.513,1930,350
1.024,1264384,1234155
27.049,14411,389809
115.468,12713,110
69.439,148295,10297422
10.524,1285,122
2.416,223,539
19.158,13400,256719
1.056,500347,528309
126.859,92958,11792538
1.232,6676074,8226569
4.202,141233,33610
1.045,4281447,4472625
1.019,600727,612155
22.084,130714,2886675
3.327,198,659
15.318,95317,1460112
209.23,253,52956
54.286,12057,222
1.696,8444,4979
585.893,1979,1159540
16.579,54359,901193
1.101,6837783,7526692
15.734,82423,1296872
1.058,99930,105706
1.154,139456,120814
62.892,1264,79502
62.722,344862,21630454
10.549,96,9
13.457,109,8
2.676,11727,4383
22.614,431452671,19078756
36.513,56887,2077138
2.287,3069,1342
1.453,1125,774
22.496,128430,5709
7.586,3034,23017
65.65,5562,365151
350.701,121822,42723186
1.19,2053906,1725705
10.432,1517,15827
1.043,2344301,2446222
31.414,1264,39710
22.032,54612,1203219
1.39,2670430,1921268
4749.47,5556,26388532
27.663,13147,363692
1.076,12821029,13795839
411.725,15275,37
1.058,775908,733479
385.636,119975,46266678
13.86,7332,101621
1.098,596706,655149
21.67,463347694,21382330
29.166,13337919,457312
1.01,289297,286384
29.629,8263710,278910
15.359,470596562,30639202
1.099,26800,24390
13.164,190174073,14446120
566.134,41753,23637856
629.507,13018,8194981
15.365,72057,1107182
1.085,143906,132684
76.335,25,1916
60.323,187,3
1.195,112583,134552
5.898,14889,87817
733.128,15469,21
3486.484,7231,25211118
13.229,156648055,11841162
1.132,2740368,2420465
1.727,5057,2928
22.775,3034,69103
19.088,578495975,30306961
1.038,7015,6760
1.008,368881,371999
453.868,22518,10220252
1.092,1105261,1206923
4131.65,19429,80274241
1.088,249694,229402
6145.631,34350,211103023
1.148,59921,68787
5407.045,58465,316123416
1.127,2834297,2514144
6475.276,11335,73397898
1.285,62310,48477
2.523,183,462
5.858,152,891
8.059,7995,64431
664.823,22509,14964578
2.204,95,43
58.571,123,2
13.144,110037828,8371568
171.03,30,5148
2667.728,11227,29950847
12.299,310251585,25226749
1.066,324902,346247
34.112,170384661,4994853
11.911,25536,304151
16.263,57393,933378
1.043,3884246,4052221
309.121,99542,30770541
1.123,39189,44012
2.779,200,556
2.662,4731,1777
1.02,897551,915677
112.506,13592,1529194
13.087,171943168,13138327
68.088,169144,11516603
84.493,506,42762
1.051,423440,445159
1.221,650978,533114
1307.594,6559,8576639
37.938,10800815,284694
406.936,17132,42
1.257,890143,1118984
1.835,79972,146781
33.364,33054842,990729
47.632,6633,315951
9.852,8503,863
1.085,21238,19569
18.477,33627,621324
1.037,2959103,3067582
47.158,134797,6356708
226.724,8267,1874350
32.152,13147,422701
1.053,257864,271497
98.152,21,2071
4180.57,102926,430289761
17.686,24777,438217
1.072,4919525,5272561
1.145,86047,75148
937.578,15105,14162209
7.881,300,2365
1.056,17,16
1.569,2225358,3491355
1.305,636065,830240
23.496,88,2070
136.698,21364,2920432
530.926,16154,8576639
12.586,52336,658706
16740.544,1473,24660495
1.066,562777,599730
9.897,12016,1214
1.156,594912,687938
5.4,241,1302
1.004,3296497,3282219
11385.774,29248,333012262
721.394,12447,8979260
12.254,12642,154916
19.586,553451133,28256785
33.78,21532,727352
3.087,167,54
1.112,12462005,13860668
1.061,255174,270816
136.745,1494,204310
23.094,158020,3649321
5.705,4869,27776
6.261,20478054,3270700
1.173,1098182,936009
1.021,288733,294920
88.775,8021,712070
1.116,820189,915354
1.006,9860,9801
1530.866,3326,5091814
57.009,2231,127192
1.777,288,162
18.862,17445,329055
38.189,67000,2558695
1.068,2495400,2666131
1854.433,14518,26922842
64.148,2275,145944
26.861,144740,3887857
14.067,23811,334953
3523.407,32063,9
1.183,1194275,1009670
23.058,166616,3841792
3.189,194,619
34.94,127797557,3657678
224.729,27601,6202754
1.336,12016933,8997168
34.264,290172218,8468662
16.523,144,2381
987.742,3062,3
1.074,1327786,1236180
1.18,10552,8946
2.009,296714,596198
1.02,137980,135299
250.861,28823,7230604
80.323,249,3
1.006,135518,134760
223.065,82802,18470226
99.986,28570,2856619
12.785,10843,848
128.476,17871,139
1.039,4136199,4296219
1.037,2653285,2750296
85.93,142597,12253370
33.288,310034119,9313818
16.338,116,7
1.123,72,64
1.132,833767,943627
3333.171,13666,4
4.073,90,367
3.796,237,900
1.019,142644,145385
5.713,7895,45104
2536.165,21656,54923453
159.84,8008,50
65.445,50061,3276259
1.025,41717,42764
1.073,13015377,13963496
1.033,4900238,5061237
3460.916,334,1156292
1.445,175,253
22.135,117,2592
10116.364,11128,1
1.071,663208,710540
1.0,37672,37686
33009.003,36,1191625
1.06,1375011,1296872
10.946,154763349,14138626
1.143,8370313,9565776
1.11,75597,83907
34.684,124753032,3596816
1.028,3581595,3681091
2759.709,32134,88680754
32.761,91951901,2806769
1.063,1246120,1171804
22.757,82423,1875718
13.231,16305,215728
13.56,132618055,9780204
1.251,1812562,1449018
5.075,87,442
1842.654,3837,7070449
1.217,382762,465636
30.724,189,5810
22.111,102649,2269695
2.979,63,188
20.843,32615,679811
807.513,16350,13202925
44.778,126868,5680934
2.256,17731,39993
1.043,1201243,1252944
1.2,10872,13050
1.26,744753,938614
5.729,95322625,16639692
21.614,252,5449
80.89,78125,6319559
16.525,18416,304324
53.235,41401,2203968
339.43,16666,49
3.412,594,174
1.198,206,247
11.624,232,2698
5.475,128891,23541
1.019,329692,335993
1.186,37,44
16.216,57393,930674
859.927,35343,41
374.783,6034,16
54.39,138407,7527985
1.045,3945772,4123471
38.228,42728,1633424
4.776,8218,39250
2.002,11915,23856
16.862,506,8534
1.087,125910,115854
1.054,3304278,3481153
1.165,81596,70055
242.907,21643,89
166.715,27601,4601530
1.149,167644,145883
1.32,278912,368218
3227.353,7777,25099448
16.795,16687,280254
1655.868,10152,16810536
5677.799,1653,9385969
18.887,26042,491868
5861.461,23949,140376727
1.126,37166,33021
349.333,50947,17797517
19.81,63,1250
295.734,2462,728127
57.208,772,44170
18.588,608397558,32731157
1.13,1461112,1292788
1.153,2249852,1951032
1.642,8901,5420
1.031,427897,441128
33.676,336601223,9995191
1.024,113098,110467
26.246,38683,1015295
1.061,1476154,1391423
1.111,2669139,2402157
1.037,2068341,2144947
32.865,126275294,3842279
633.658,1585,1004412
1.102,2225358,2452841
31.553,216929,6844687
32.727,36,1
26.414,12389,327246
21254.095,7287,154880719
11.896,150341539,12637859
1.004,23260,23164
42.802,6125,143
1.632,924,566
264.421,29384,7769761
1.463,659588,450937
30.702,64,1968
670.697,42321,63
20.05,135548,2717726
33.796,153168598,4532193
32.49,445741,14481953
1.031,427897,441221
406.068,145955,59267623
2.789,186,519
200.485,13558,2718195
458.277,46239,21190295
1.002,1771335,1774635
259.444,79,20522
1.043,3792863,3956068
1.007,590361,594730
1.135,12016933,13638113
869.277,285,247831
142.648,24268,3461792
160.586,6896,1107420
1.198,2022075,1687744
1.358,241344,177705
1.516,4551,6898
793.651,19127,24
14.425,92789,1338501
24.196,41464,1003270
21.886,12894,282199
1.07,3187561,3411871
14.854,48291,717308
59.735,3835,229091
11.023,101751,9231
144.762,304,2
46.073,28563,1315977
1.099,1462134,1606189
1.216,758,623
1.041,2222154,2313855
1.105,372377,411661
1.124,1151930,1024584
1.955,583,1140
2.949,4891,14426
2.849,109237,311259
161.861,4551,736647
1.098,333804,366589
77.484,17674,228
1.122,802612,900340
1.001,793384,793943
1.613,137917,85489
273.947,118686,32513676
3751.126,50388,189012094
21.239,83181,1766721
217.281,41156,8942430
15.431,46268,713957
3034.634,12442,4
6.775,773,114
45.078,1819,82002
258.61,5239,1354883
3055.113,7358,22479828
322.299,16490,5314736
280.753,16031,57
3074.648,21830,7
10.494,85,8
1.256,78,62
6.187,78396516,12670688
14.682,49002353,3337658
1.386,75,54
12.979,253,3285
20.962,147653,3095115
6.354,115,18
94.359,12200,1151187
8599.048,18058,2
123.174,132695,16344649
207.506,196,40692
747.905,132454,177
15.161,67253,1019592
82.777,9776,118
53.552,132484,7094734
1.021,154460,157747
1.02,283929,278391
7975.827,52887,421818370
21.955,19721,432969
1.05,78883,82794
8.866,104,923
1502.727,1653,1
6.519,249,1624
43.529,5700,248121
1.069,2404016,2568803
1.108,8187834,9070626
1.384,54830,39613
585.764,28761,49
579.298,15209,8810608
3.171,4,13
89.356,4131,369140
7317.086,15,110488
2465.841,17129,42237645
29.555,3540,104628
1.071,7585,7085
98.665,57137,579
19.412,16181,314112
1.051,1399252,1470954
1.018,4019512,3947775
3.388,128891,38045
593.047,22977,13626495
1.112,123634,111147
953.136,22439,21387525
1086.125,11700,12707771
1.022,1150888,1126050
1.353,137887,186595
313.908,122933,38589708
3.647,9002,32833
7.105,8757,62215
1428.384,108166,154502751
34.587,137287,4748307
15.12,456243802,30175448
1.03,243306,250500
704.834,27,19101
1.008,4030822,4062203
7974.027,22,176226
79.048,166,2
424.106,19114,8106409
16.106,32148733,1996094
126.599,15078,119
18.446,3792,69948
1.02,565078,576285
1.24,1144625,922764
20.675,496837468,24030669
1.796,389,699
1.379,18582,13475
144.545,159,1
1.154,1831348,1587257
317.265,141760,44975532
307.042,127926,39278749
162.053,14763,91
228.182,251,1
84.046,177235,14895975
4707.874,3440,16195559
1.255,40056,50267
1203.376,43433,52266333
1.075,12809161,13769730
2.266,143,63
23.894,2102172,87979
65.346,203276,13283201
1351.084,127061,171670240
116.85,24608,2875461
856.884,16630,14250071
1.273,636065,809825
1.01,172463,174168
11.824,194,2295
115.628,3460,400083
5520.0,28152,5
22.915,118072,2705596
2.565,285,111
1.131,5594550,6325575
68.675,17543,1204775
19.977,28823,575787
5944.015,39118,232518589
1.113,256477,230448
1.001,680960,680022
2152.231,26042,12
14.106,39947,563504
27.362,9233,252640
1.001,1094759,1095581
1608.93,135108,217379514
36.381,1011,36785
1.03,3017461,3107543
5.295,11679,61845
1.009,951404,960113
608.316,24904,15149568
1125.854,4616,4
47.373,376718,17846245
1026.722,2267,2327681
1.861,534086,993826
6.187,78396516,12670688
1.017,924857,940604
211.238,837,176827
1.03,392677,404418
107.918,127427,13751656
359.251,24695,8871737
1.167,154291,180112
865.835,24746,21426044
1.155,2229240,1929518
192.738,49071,9457849
566.663,11523,6529717
1.078,330577,356356
163.885,18728,3069256
1.174,1737419,1479452
1.043,3898723,4066296
443.794,492,218391
13.201,192058779,14548608
33.233,49292308,1483230
75.676,187601,14196984
3.666,191,52
158.803,16849,106
195.249,7439,38
283.273,25283,7162031
60.405,314522,18998644
1.124,1527731,1716911
1.11,399081,443040
24.608,2291,93
425.746,7706,18
303.45,21057,6389784
3261.896,141162,460456073
1.039,2959103,3074588
15.987,11380724,711886
1.05,1625448,1707165
99.51,15633,157
3.582,5266,1470
2170.534,103017,223602106
33.481,198655249,5933338
1.04,1396041,1452184
134.396,9,1223
13.051,242764616,18600593
18.845,595857015,31618394
1.127,4005644,4514712
31.366,284435,8921482
10.0,201,20
1.147,424302,486554
1.02,1788310,1823955
5.78,226,39
2535.487,17276,43803333
1.112,6231002,6930334
87.776,32983,2895118
1.085,6676074,7246866
1.264,68244,86262
10.136,60548,613695
1.022,183963,180013
1.041,2725668,2837843
399.355,1238,3
1.157,201766,233481
12.14,1810,149
319.279,5088,1624524
180.071,13958,2513444
14231.121,411,5850414
1.015,557832,549625
16.822,64725,1088824
21.105,485311766,22995056
6.187,78396516,12670688
2.016,19465,39250
1.131,2774548,2453136
3.437,27356,94028
8.753,20462,179097
1.05,10113,10614
329.678,10188,3358794
219.925,80,17616
3.984,274,1092
120.712,11224,1354883
22.385,35649,797996
273.792,46568,12749980
31185.714,65490,2
1.002,2862291,2866746
2.14,70,150
14.309,126921,1816137
1.115,7247249,8078146
136.546,69908,9545684
45.092,7243,326603
60.002,569376,34163465
1.156,2212802,1914639
33.636,37,1
1.017,120600,122606
1.782,10,18
1.228,642889,523649
1.12,1423280,1271329
4.969,80,16
1.04,764736,735082
1.462,275960,188777
12.426,63713,791686
5.615,65783484,11715708
2272.554,5698,12949242
33030.211,12809,423087279
843.228,19444,16395813
3564.977,49990,178213559
1.019,510466,520376
1.073,13015377,13963496
1.028,105,102
33.634,197894118,5883751
298.141,20167,6012642
605.62,7328,12
2.165,25221,54600
1.048,145125,152069
27.082,6193,167721
6842.422,17755,121487886
1.046,66,63
81.406,80400,6545080
1093.497,17660,19311270
1.098,418765,381253
19.659,549536744,27953041
1.828,353090,193146
6.171,8843620,1432987
1.064,327185,348019
17.569,758,13319
33.288,246171584,7395149
3.555,48,171
3474.426,21194,6
3.284,9714,2958
62.733,21780,1366329
14.704,74104,1089597
1130.321,82777,93564679
1.357,4895788,3606821
2700.15,142326,384301762
52.41,12537,657070
3847.064,9048,34808619
1.224,15928,19500
448.927,23838,53
3.008,319,960
172.356,24749,4265663
1.143,701730,613713
1.075,2404921,2584283
21.436,4804,102982
62.258,193,3
322.905,64195,20728913
1.364,112,82
95.109,3008,286098
1.046,2199987,2300919
1.113,35649,39660
1.031,198,192
1.128,1494509,1324831
1.154,1614126,1863158
378.743,54,20490
4.338,10794,2488
56.416,16500,930870
2471.287,125289,309625324
15.838,38178,604658
22.934,432576246,18861480
16.049,7838,125794
18570.439,9094,168881428
16.565,85579,5166
62.017,297835,18470709
4270.317,15180,64823832
16.428,59921,984358
34.988,12801,447879
441.745,2632,1162716
22.981,126668,2910993
1.945,432,222
1.166,16022578,18684048
9.551,5703,597
386.3,1283,495661
2603.097,12454,32419228
3.779,142,537
1.015,279631,283812
1.363,6068,4452
81.206,21609,266
1.063,381,405
2996.45,12965,38849276
13.154,210507150,16003054
1.111,240,216
17.657,619452083,35082265
1866.365,4012,7488045
1.217,7566217,9206772
56.126,110180,6183914
49.868,8091,403489
29.695,3298235,111069
2922.418,7373,21547281
2000.377,13219,26443187
37.33,1770,66078
12.693,266395928,20987285
2.353,252,107
2202.497,10188,22439264
16.639,8352,138973
887.478,1250,1109436
41.319,57877,2391427
1282.131,3771,4835046
17.95,19215,344917
1.035,3743552,3874830
1.029,290436,298778
1.171,1718372,1467408
33.866,197,6675
2.129,7245,15426
3173.036,860,2729128
513.16,93008,47728065
240.741,1950,8
5.186,39570,205210
4.945,45,9
27.646,1517,41941
303.887,21484,6528734
2270.04,23794,54013565
2.818,20436,57583
32.652,28705520,879148
291.028,67,19528
22.415,9013,402
30.538,359725114,11779649
1.03,3140965,3233869
1.235,545954,674383
22.047,8591,189407
4.546,358,1628
116.472,816,95053
2.479,149,60
236.173,4045,955344
33.818,2023,68418
11.442,27559,315326
8292.727,9122,1
92.08,23858,259
1.067,3179418,3393362
1.096,2225358,2029943
1.211,1335215,1616540
33.297,138453394,4158180
6.33,80,507
64.735,20726,1341712
1.013,617414,609532
1.117,2599475,2326253
19.634,145410,2855049
15.211,108,7
4479.381,40668,182167922
5.915,25283,149558
91.628,15450,1415668
150.592,4834,32
56.738,10366,588156
27.859,17671,492303
1.164,1588177,1364807
13.556,77619,1052189
4.431,20640,4658
22.607,83940,1897626
382.287,13036,34
1.027,3514189,3609757
15806.146,758,11982639
35000.57,7222,252777618
134.84,7160,53
10.278,3619,352
1.127,6231002,7024362
1.144,2642265,2308875
1.044,3880627,4050511
10.123,8,82
9405.567,29,273702
1.053,2020840,2127437
304.828,129514,39479483
54.105,2426,131265
103.88,10596,1100723
260.437,148357,38637703
22.785,425146155,18658848
58.783,1863,109518
1.012,508191,501928
1.078,5340859,4952152
1.382,225,311
9.324,253,2360
2.039,94,46
1.043,2077841,2166184
1.15,1047402,1204709
207.098,18066,3741445
1860.541,20652,11
1.104,1260731,1142451
17.042,17193,293003
11.593,237980363,20528310
9.419,11125,104782
40.042,7544,302084
1.119,1426150,1274246
24.064,2096,87
1.018,1154959,1134410
2776.194,68076,188992429
33.317,35144,1170909
1.174,4450716,5223320
18.291,39947,730679
18.555,608832491,32812337
128.856,81917,10555491
312.607,19315,6038028
1.683,177,298
275.161,853,3
1.127,4005644,4514712
1.058,1652139,1748698
1.029,37672,38752
2154.775,23918,11
373.98,13725,5132907
2.121,276,130
325.385,10513,3420807
152.169,384,58448
23.811,147906,3521790
34.233,86468,2960068
1.057,1016527,1074402
6.044,6329,38251
16.714,17193,287363
303.199,36111,119
444.838,6135,2729128
1.159,2322386,2003419
1.293,23903,18491
2.064,1470,712
1674.51,8540,5
25.392,506,12851
84.218,219457,18482206
1.118,133521,119442
1.05,78125,82065
114.16,253,28894
294.514,3128,921268
1.198,1665668,1389955
13.08,570,7457
1.357,1038500,765274
9758.205,532,5192341
16.073,80400,1292258
1713.271,5092,8724147
3.466,392,113
34.078,24019,818518
48.182,53,1
754.002,16515,12452421
13.568,81368552,5996877
1.054,2518924,2656180
32.532,106442,3462735
1.058,178029,168225
79.347,21997,1745397
86.889,232858,20232834
444.01,22817,10131026
1.188,2072953,1745078
1.987,94,187
178.429,14649,82
1.03,2917935,3006350
1.045,4119491,4305399
60.336,592384,35741840
8.811,63,556
1.025,307190,314985
1.254,2886,3619
1.045,1841240,1924273
1.048,3444068,3609579
552365.656,86,47558683
7.023,110872,778664
1.012,250626,253684
10.426,7518,721
1.14,2599475,2280116
90.736,20085,1822439
1.356,359024,486725
43.876,19215,843073
558.232,17361,31
58970.952,123839,2
2.128,147,313
172.315,46210,7962711
2013.416,5441,10955196
160.107,25283,4047998
22.072,25,554
241.943,5105,21
33.87,215762580,6370282
1.27,97916,77111
21.725,5309,115338
199.295,103639,20654711
1.022,4023447,3937344
13.542,70531493,5208433
5.164,7232,37344
4.453,41,183
56.931,201506,11472021
212.749,87849,18689841
1.136,1093486,962341
445.88,3004,1339468
360.476,2,757
66.272,5562,368610
16.153,42728,690184
25.538,9495,242483
60.204,20700,1246235
1.049,2808003,2946426
940.368,5230,4918220
31.132,52,1622
1679.268,108830,182754947
6.891,94641,652213
1.808,314866,569310
4.541,173,38
62.349,10226,637585
1.061,439116,413861
31.376,349178010,11128979
1.129,1244294,1101779
1.206,228,189
1.025,462874,474443
1.025,1367853,1401902
54.216,3421,63
17.807,353889775,19874100
1.107,268527,297371
5.871,37295430,6352647
62.727,284688,17857765
1.131,25,22
17.286,592450047,34274094
23.105,86974,2009501
1.001,152373,152229
20.854,9608,200368
19.771,259,13
2.321,13583,31521
2591.323,17969,46563748
108.988,16795,154
3.595,186,669
229.033,4160,952799
1.11,9140287,10143762
619.552,14780,9157041
38.427,15534,596932
1.018,373432,380204
14.296,57815,826515
15.351,431525160,28111129
1868.758,30087,16
278.323,16,4481
32.585,8671,266
1.107,364495,403659
1.112,12462005,13860668
1.062,43740,46448
14.698,109016,1602302
1.982,890143,449109
1.271,1656014,1302909
129.174,20810,161
3.517,156,549
78.298,9429,738280
5452.855,29713,162021228
16.608,31604,524866
1.263,1633837,1293892
4.158,15560,64706
61.716,14411,889397
6442.483,2115,13626495
1.007,11377,11458
13.934,5143,369
22.617,21262,940
1.535,136623,88988
143.577,2002,287455
139.524,293,2
450.567,18410,8294990
97.975,58404,5722156
21.671,101132,2191592
48.269,380511,18366960
1.911,215,411
1.022,722086,737812
15.377,42260905,2748234
22.497,131472,2957753
23.321,152204,3549597
1.005,3840817,3858115
1.103,1335215,1210632
18.703,19453,1040
10.242,10858,1060
11.113,15928,177011
11.12,16687,185561
32.132,506,16262
35.577,8091,287858
1.025,294801,302088
18.475,611514572,33098793
31.241,151175159,4839040
1.043,3825888,3988746
24.46,18240,446151
8.104,1517,12295
1189.212,132777,157900186
14.769,439317694,29746589
2044.901,6607,13510865
1.071,374671,401094
10077.167,1247,12567235
85.453,5563,65
2.087,11869,5686
4.501,221,49
2108.386,15169,31982315
7659.052,1536,11765070
1.051,3304278,3472791
57.12,34132,1949617
8.863,43,382
93.102,3361,36
2.541,140,55
5265.455,5792,1
1.035,2958650,3062415
219.476,14448,3171013
226.418,10872,2461644
1.384,77146,55756
435.528,8558,3727288
1.048,434870,455779
1.083,675423,731224
1294.471,145977,188963113
1.031,111268,114668
3.418,48896,167141
1.081,741786,802140
24.409,137540,3357259
242.008,2222,537766
17.147,29581,507228
1.005,659384,662825
22.165,200242,4438455
2.927,173,59
1.047,1139126,1088196
202.398,4153,840581
72.269,123129,8898428
1.022,2339593,2288219
2889.117,5727,16546260
10.714,18250,195527
26.36,383465160,14547140
114.006,20324,2317070
406.573,9991,4062115
24.224,10751,260439
1.343,140939,189334
50.151,230076,11538504
158.182,174,1
1.022,1291582,1320444
1.734,229,132
377.359,32868,87
6.772,258,38
1.0,1057340,1057588
1.009,4019512,3982530
16.951,12749,752
2.18,9208,20076
167.317,22962,3841941
1.126,1462134,1646452
4.408,71376,16194
1.192,2023,2411
1.11,2185302,2426185
245.453,226,55497
1.071,6826,7310
1.003,62702,62884
40.76,2270,92530
12.686,274985838,21676358
1.07,612623,572637
1.047,63208,66175
2.29,1186858,518232
1.031,3131012,3227060
7.028,15949,112089
1.024,82929,80990
658.413,97511,148
69.568,81152,5645620
3.64,356057,1296115
17.595,615139006,34961226
27.049,1011,27349
371.099,14412,5348323
1.542,92,142
1.032,735233,758992
29.839,25654,765480
1.007,793436,788045
42.698,322,13753
1.042,3784720,3942271
1.139,1067395,937185
34.048,122117,4157818
50.588,258,5
9.269,18376,170337
18.26,29076,530944
1.009,3698313,3664519
14.059,84698,1190737
15.93,34385,547763
1.125,1888488,1679259
696.293,55075,38348385
1.046,1735779,1659892
2.234,28412,12720
296.868,209,62075
15.446,8091,124974
13.015,356934300,27425458
1.057,1368036,1446120
2.546,21996,55992
2664.852,124711,332336628
370.909,408,1
2650.549,24120,9
16.264,39694,645573
45.125,100,4517
1.063,3540,3329
24.529,101385,2486835
14968.884,11578,173311238
20.563,146,7
231.984,36342,8430783
18.103,14159,256325
51046.044,2756,140688003
13.129,195357014,14879282
2526.525,74113,187248637
61.507,30340,1866118
68.331,99431,6794256
1.11,489579,543367
309.23,10685,3304149
23.542,99,2333
36.884,4045,149199
1.523,192,126
1261.417,10828,13658751
3.078,6526,2120
1.214,874058,719734
241.785,345,83440
2.727,1,3
1.003,1132178,1128906
978.039,7882,7708998
40713.331,2404,97878920
22968.04,7627,175179538
2423.961,141653,343361558
12.727,14,1
46.615,4367,203574
907.203,20181,18308346
1.079,8296135,8950757
76.325,2679,35
179.501,6121,34
130.565,19856,2592518
1.219,654630,537018
1.392,636065,885573
1.038,354975,341868
22.26,184314,4102894
1.504,569692,378799
2062.398,22899,47227068
105.238,221,2
1.0,2806646,2806242
323.019,42807,13827488
19.307,10,195
77.086,48038,3703083
1.053,179763,189266
5.301,98,520
5.327,801129,4267294
1.224,1793639,1465301
26.579,61,1624
34.632,75091,2600573
42.973,3792,162959
1.063,1144625,1076637
1.397,172,123
37.703,24272,915127
2.702,21104,57027
26336.75,3932,103558736
85.104,4513,384083
18.743,20732,388586
3.041,198,65
1.06,1332743,1257392
8850.573,2944,26056973
36.544,73354,2680684
15.896,500208192,31466855
1799.986,18503,33305320
1.242,1858222,1495842
1923.53,14002,26933456
19.493,4298,83784
1.329,493561,655932
35.948,17569,631576
1.549,58,90
688.712,2875,1980115
1.05,2266037,2379983
24.922,10619,264653
21.001,86215,1810579
1.124,1041042,926513
1.014,3698313,3647864
22.833,21237,930
1.654,149,90
8.311,17031,2049
1.048,103,108
116.37,40453,4707522
1.021,224261,219680
1.219,91981,112137
14.828,13436,906
136.976,4187,573531
13.262,154002218,11611921
1.026,32362,33190
14.033,51648190,3680402
1.015,390624,396321
21.241,10619,225558
6032.743,11286,68086137
467.339,50789,23735750
10.042,166,1668
1.074,5281516,5671540
5.268,534086,2813358
1.345,222,165
25.934,387053350,14924696
1.076,2437509,2265515
6.085,60709276,9977202
84.056,196956,16555258
16.623,544752490,32771895
22.632,130208,2946919
29.042,11489457,395618
29.0,15512579,534917
42.19,62,2620
265.704,29254,110
23.238,43993,1022302
1.055,1982052,2091068
8.39,108,907
50.074,1357,27
21.723,16181,351495
1.109,5146511,5709660
1.005,807265,811139
1.191,445,530
32.182,44580543,1385261
33.423,8827,264
363.006,16231,5891979
64.943,6068,394078
1.077,630626,585527
3.175,198,629
92.55,30593,2831383
3937.804,1917,7549165
1.102,2670430,2422496
8.088,1011,8178
1.116,651288,726809
48063.659,4217,202689256
57.928,146099,2522
1.017,166160,169038
23.179,350,15
15.017,11883,178448
77.322,21996,1700777
1581.177,21925,34667457
1.027,1793286,1841988
49.388,398968,19704273
16.206,98098,6053
193.636,213,1
1267.583,66924,84831822
17.682,8091,143070
265.42,5985,1588563
169.301,1370,231959
3283.9,134267,440919710
1.174,2162707,1842449
1.524,7121146,10849149
1163.228,4194,4878693
59.932,11513,192
369.442,14694,5428611
3.319,11443,37977
14.837,45257,671475
186.182,3718,692244
74.762,157,2
158.581,13096,2076791
14.247,160042,2280116
33.327,142295295,4269701
1.021,495043,484820
2.196,121,55
818.32,81519,66708689
154.545,170,1
1.634,66,108
135.446,13370,1810927
3140.506,6332,19885998
159.338,21726,3461792
1.02,706291,692726
5672.05,91320,16
25024.557,1963,49125707
11375.745,14,160398
247.302,1546,382354
22.993,1014,44
1.127,2824904,2506264
30.293,29328,888426
21.864,153216,3349949
103.528,17403,168
32.925,79483846,2414108
2.903,42941,14793
1.048,1993696,2090352
595.921,10812,6443159
1178.126,96543,113739972
19.19,573023079,29860959
15.789,494844029,31340979
3.906,282,1102
18.619,18,337
4874.062,94032,458318248
3809.347,110852,29
1307.35,93074,121680445
30.713,7466335,243102
406.906,12304,5006610
1.019,46182,47059
21.737,15044,692
18.554,608941224,32819636
46.362,123476,5724609
1.311,25221,19243
6.172,6691,41297
20.828,5834,280
129.394,105212,13613824
7615.074,3933,29950847
15.089,4804,72490
26.782,170602127,6369946
1724.516,5346,3
271.434,14956,55
1.049,533371,559615
3.486,304,1060
9803.5,319,3128297
101.915,10381,1057991
37.297,5581629,149653
14618.31,2228,32571056
14.164,9608,136085
13.983,9989,139673
1773.014,863,1530288
12.817,91,7
4276.19,8980,2
138.645,1668,231273
22.574,228,10
299.416,5146,1540824
1094.579,35136,32
17.799,32615,580503
2.388,6949,16594
1.022,177,181
114.17,13826,121
15.323,3034,46490
30.934,351425159,11360598
50.392,24445,485
14.64,49002353,3347112
1.354,636065,861326
2281.768,93099,212430559
2103.478,33866,16
965.537,11683,12
14.427,176223,2542342
408.835,9744,3983727
1.303,27306,35581
85.451,7100,606708
1.128,2817598,2497864
59.639,55548,3312822
21.996,139563,3069804
1.088,1080701,993506
4777.289,2434,11628398
1.06,7332,7770
2.056,103,50
1.343,124620,167328
36.149,46774,1690818
6.342,42,267
23.144,166363,3850266
32.161,91318,2936858
20.617,50819,1047728
493.607,30653,62
1.053,59343,56334
1.473,90498,61428
1305.508,10165,13270622
14.288,55345113,3873619
18.45,615283984,33348945
25.603,1517,38843
385.32,161,62075
1.029,408322,420285
13254.296,1178,15614886
3.38,7,24
1.141,194,170
355.449,2232,793398
1344.444,22990,17
1774.426,10824,6
2854.285,7549,21547281
1.268,10681718,13543074
115.942,7697,892416
1.037,2858219,2965367
5.596,3560573,636303
14.968,70034,1048286
4.748,109,518
28.699,56,1610
1.133,2752109,2429819
18.998,29581,561970
193.232,253,48907
26.981,37,1001
1.819,17412,9572
30.13,10910,362
1.272,4298,3378
6798.532,4362,29655878
21.341,18085,385950
391.851,17769,6962834
1.591,267043,424997
76.669,11125,852946
111.788,12120,1354883
33.637,500751857,14886952
1511.94,11440,17296740
1.075,362930,390213
1.261,2670430,3367474
1.245,1839697,1477090
318.469,10870,3461792
65.176,147148,9590595
866.328,24193,20959155
1.366,384,281
1196.621,7132,8534424
16.385,38178,625565
20.892,57454,2750
1142.765,35540,31
1.384,692202,500082
1.132,12894,11388
671.188,13472,9042318
356.152,62003,22082504
1.017,106695,108513
34.165,252695566,7396287
14861.244,241,3583046
52.049,168638,8777431
1.033,822137,795884
14976.737,9542,142909518
1.236,12136,15003
8.314,47790,5748
3103.791,17306,53714510
4.769,6215,1303
16.23,19,310
11.471,47279,542362
2005.955,108220,217084601
21.004,147653,3101366
8355.455,9191,1
1.673,42,25
47.791,28554,1364627
1.095,348639,381654
4689.914,19473,91327159
21.603,39389,850914
431.857,7939,3428559
10.344,16389,169526
1.263,1780286,2248490
1.2,117202,140629
2.424,148,359
37.083,2275,84368
17.076,66495,1135443
3741.415,22790,85267212
61.019,170661,10413649
3.892,146819,571401
629.057,6217,3910912
1.071,13559848,14528932
6.206,31,193
2446.754,3086,7550926
17.658,3640,64278
102.613,21825,2239543
1.821,230,419
216.305,139,30088
31.784,20086,638420
2443.372,83319,34
13918.873,11968,166582458
4843.92,46755,226477987
2.561,136,53
1.184,33879,40120
1.034,609323,629900
39.278,4245,166738
18.1,16181,292877
9.564,2306,241
26.462,8881,235014
2.774,3269,9069
9.362,1264,11835
1.725,8825,15222
16.767,551820137,32912014
1.013,311235,315154
123.934,23084,2860905
18.502,17951,332138
1.125,2862475,2543449
1.507,498085,750555
4.603,203,44
7.228,330,2386
2.54,16452,6478
4223.641,29333,123892479
1.05,6196880,6505057
1.034,315318,326061
1435.788,11500,16511703
12.319,64472,794262
15.862,19974,316839
1800.52,94760,170617452
12.382,126275,1563477
13.139,216596200,16485035
59.371,307443,18253319
9101.229,7396,67313597
19.253,26042,501382
44.51,23769,1057970
17.465,14823,258890
68.163,19877,1354883
51.8,271035,14039677
27.14,91429,2481388
1.002,856339,854214
992.617,5319,5279831
1.134,2697057,2377774
189.621,78522,414
76.381,133748,10215789
3.147,297,935
1.008,127680,126711
13229.161,13353,176650314
9.935,924,9181
565.932,105374,59634536
45.16,9102,411049
9.88,10643,105159
27.181,123,3346
977.851,6736,6586903
148.974,28320,190
1.14,6371942,7264648
28.361,26042,738569
11.727,15094,1287
10257.843,52315,5
1.002,1510919,1507233
1.116,1671986,1865632
17.916,3287,58891
21.761,23801,517928
296.323,48689,14427718
11.931,394,4702
329.986,21363,7049526
1.126,142423,126499
22.661,435946970,19237431
128.526,25461,198
1.899,7605,14443
601.878,22667,13642830
1.117,765449,854693
32.915,179373258,5449666
108.107,139252,1288
59.703,188612,11260755
120.559,5791,698168
3.007,369,1110
1.001,977193,977778
1.23,1875181,1524102
1.784,43,24
529.151,1811,958346
12.396,285786652,23053844
1.102,4005644,3633744
1.026,412115,401493
1.519,23867,36244
21.509,466355974,21682319
50901.68,185,9421901
35.945,3695,132819
14872.953,4960,73771333
1.029,387248,398549
45.869,125923,5775966
1.058,1476158,1561224
3.806,2684,10215
12.091,782,9456
17.881,633587377,35432587
16.851,253,4265
22.846,47785,1091704
13.132,5640,74065
1.022,7121146,6969747
743.322,8870,6593341
1.369,5934,8124
20.828,181280,3775753
22.094,25283,558599
1.528,346,529
101.429,213,2
1.001,3840817,3838851
18.637,21238,395817
85.844,15783,1354883
1.031,2336157,2408343
14.544,70034,1018577
1.04,14411,13851
1225.185,9924,8
1276.167,7914,10099712
50.495,28030,555
19.037,436,8302
39.875,28317,1129154
1.017,172937,170068
1.37,3287,4503
1.039,5542,5758
4.39,18,4
1.046,3097987,3241573
128.837,17120,2205702
42.109,8849,372628
1.073,34638,32289
1.028,3573000,3671384
48.204,15449,744716
30.444,7357602,241673
1.057,767867,726703
1.136,2683750,2361721
1.3,636065,826874
294.225,13858,47
1.359,7669,10419
1737.592,97896,170103447
686.348,12814,8794937
1.077,113845,122600
30.909,351533892,11373049
14.051,90261,1268227
1.023,1264384,1235854
16.449,32362,532324
258.397,12510,3232577
76.94,7765,597446
1.112,93548,84109
13.418,84340588,6285695
13.149,243670725,18531896
10.073,55,555
14.223,1770,25176
1.877,64,34
1646.881,6354,10464449
20.996,10872,228273
22.355,50061,1119106
34.368,1606,55199
7462.082,23482,175225351
85.392,225778,19279553
1.066,8242726,8786582
509.253,138567,70565650
27.986,14244027,508975
16.7,31098,519335
22.531,267,6018
12.166,293434209,24120041
175.793,33193,5835104
515.983,13050,6733631
35.197,22094,777636
1.786,4298,2407
13.05,112176245,8595743
15.909,80400,1279089
1323.088,20745,27447600
1.178,6895643,8122493
149.033,4933,33
13.285,7069,93914
15.119,28317,428124
2214.214,6154,13626495
14.645,46521,681296
1.051,2399945,2522308
293.683,23524,80
1.14,1355985,1545912
8.606,193182354,22446407
1.31,4005644,3056850
4.352,440,101
46.728,10619,496204
71.773,105800,1474
63.192,551931,34877626
129.129,758,97893
12.67,3792,48046
13.517,100880,1363605
1.977,8782,4443
13.467,139649457,10369823
1.157,10619,9177
31.878,201254,6415574
9.173,138571,1271084
1.065,1435895,1529874
1.034,406047,419760
11.637,34192,2938
4.312,2790,647
1.02,36661,37411
20.904,17698,369955
1.03,3160417,3255231
30.451,359942580,11820282
30.761,20874,642098
74.359,117819,8760933
1.028,385891,396857
13.818,10113,139743
1.039,3024700,3142865
5463.8,5235,28603539
56.472,499594,28212899
87.176,6574,573102
423.973,5670,2403968
206.131,95393,19663440
60.07,57,3430
41.509,51072,2119937
42.31,6068,256744
12.416,14693,182426
1.125,130461,115961
26.745,4013,107331
1.359,2023,1488
7.484,19737,2637
6.654,68858,458200
1.01,281907,284615
11.194,14411,161313
116.377,18495,2152401
67.273,74,1
463.757,8394,18
2.87,164,471
10.305,209709774,20349773
3.141,64970,204099
6.152,233,1434
1.046,4005644,3829470
1.028,423239,411690
91.898,28038,305
1.061,586301,622302
7.664,246,32
1.085,4005644,3691902
1.033,97360,100540
261.903,16788,64
1.331,6068,4560
1.044,2060650,2151851
100.083,24614,2463445
1.034,516086,533421
195.527,6863,35
1.394,261,364
1.202,302651,363692
264.64,193,51102
1.112,6231002,6930334
12.812,8596,110132
1.072,1304825,1217735
1.546,13279,20526
51.116,12579,642996
7597.406,2582,19617263
5369.641,5708,30650448
150.407,71151,10701653
1.002,496813,496025
98.681,41752,423
2.164,5194,2400
57.489,236650,13604867
34.01,317210499,9326859
1.358,248,337
3.434,1438,4938
6.187,78396516,12670688
6.187,78396516,12670688
1.403,73432,103021
1.027,778303,799629
324.839,1007,3
500.688,23805,11918935
30.868,6197783,200783
1.0,183808,183835
1.025,462874,474443
164.783,12195,2009545
15.738,96,6
264.383,10155,2684831
1488.055,64024,95271407
1.01,232995,230720
52.439,215,4
1.055,28188,29751
1.109,778568,863682
1.51,4005644,2652753
8.625,3798,32760
1.81,9724,5371
13.794,60455566,4382837
5.379,191,1028
2.73,104,38
116.08,4090,474780
68.314,107706,7357830
133.55,9904,1322694
52.594,2781,146269
1.168,4895788,5719086
32.925,175930046,5343416
15.606,6119,392
15.51,68517,1062683
13338.818,4376,58372002
1.073,1306511,1402256
42.557,358009,15235694
24.522,11593,284286
1473.521,10462,7
2.815,104,293
902.005,26741,24120608
507.088,458,232297
1.066,272299,290145
26.173,3034,79411
226.673,24959,5657543
41.9,15968,381
99.547,9860,981548
26370.909,29008,1
14.507,109734,1591933
54.878,11345,622597
32.116,16613,533541
10.574,214783983,20312639
1.052,528847,556597
1091.841,11839,12926409
7.407,60,8
1.062,6863004,7286865
1.174,1588177,1352781
1.115,249694,223904
3.272,667607,2184715
20.456,17799,870
1.112,1008829,1121972
32.57,93619141,2874401
1.022,222997,227847
1.744,49,28
431.687,1318,569006
1.094,61978,67785
12.966,9102,118021
1.095,695328,761442
21.006,17698,371768
2.631,623100,1639327
1.126,2225358,1976963
1.033,3637692,3759220
18.67,38936,726951
2.499,171159,68493
3.943,18872,4786
10.869,3034,32978
823.869,68781,56666646
11.651,110924,1292334
28.816,6789,195632
2.48,37,92
49.339,20797,1026109
21.092,181222,8592
5090.38,17522,89194141
1607.351,53391,85818253
55.017,143,7873
559.354,11502,6433748
36.613,70821448,1934331
18.773,598756563,31894292
19.323,80688,1559146
18.216,632971224,34747722
1.01,936416,945582
1.119,1426150,1274246
15.054,11703,176184
1.007,568617,564943
44.579,26356,1174935
17.451,2528,44117
4.676,10139,2168
21.792,153216,3338841
1.047,3101606,3247235
77.537,11487,890676
1.107,1158714,1046408
51.781,2180,42
3.159,7636,2417
20.641,138299,2854695
10103.221,10544,106529375
1.201,4045,4860
101.947,110070,11221301
42.109,8849,372628
1.254,906151,722481
9.951,1438,14310
2.388,25182,10546
10.891,110,10
295.102,5232,1544005
1.063,651898,692979
124.808,4174,520962
1.027,170661,175310
1.569,221254,141014
1.139,2322125,2038749
2868.317,28970,10
32.173,8195,263661
53.771,83727,1557
17.215,6321,108815
4.636,5441,25223
20.504,19215,393984
13.498,138924571,10292221
1.098,6932732,7614311
1.379,55,76
31.058,109564,3402791
36.462,2023,73766
1.517,4450716,2934476
2245.124,27166,12
1.814,222,403
98.182,108,1
32.388,64841131,2002039
608.245,24839,15108246
1.12,8819836,9874334
3.971,20029,79538
1993.573,9568,19074703
1.027,3477997,3572654
30.481,52336,1595256
16.188,50566,818539
1.174,3034,3561
63.135,10073,635965
29.446,2319638,78776
20.364,508725612,24981547
83.458,192405,16057807
1.062,4058418,4308082
1.055,1190546,1128023
1.01,777520,785673
1101.321,636,700550
1.085,5741424,6227189
2.96,205,607
23.311,128691,2999920
54.524,46951,861
1.028,1109141,1139990
16.945,77555,1314155
33.142,159982534,4827255
3.48,43,150
1.023,342839,350758
1.084,14836,16086
56.669,141168,2491
1.112,692985,623362
1.018,841444,856888
49.44,6005,296892
1.013,787174,797532
15.342,5309,81451
1.144,2645135,2311462
6399.493,4507,28843156
18.871,719,38
1.512,2373715,3588899
2.772,527,190
2.91,890143,2590126
5.968,2710,454
186.033,103,19180
695.28,10762,7482676
1308.409,134897,103
24.927,401152399,16092912
1.074,679156,632067
5.505,7918,43593
66.129,205,3
469.828,1450,681297
25709.067,4106,105564000
16.732,64978,1087239
1384.956,43167,59784555
731.422,6256,4575848
1.061,558253,592042
1.004,706916,709751
14374.465,3397,48831494
147.304,13714,93
1034.471,1944,2011116
1.268,1746029,1376914
960.492,5859,6
1.046,1495611,1564875
16.221,45257,734095
1.03,2363330,2294753
679.101,140644,95511515
2.009,296714,596198
1246.794,455,567416
332.08,23561,7824166
28.652,24908,713669
56.62,33879,1918251
23.813,60679,1444957
139.994,13147,1840517
87.143,183,2
40.094,20226,810948
1.027,341322,350620
75.473,19918,1503285
552.305,24260,13398982
331.508,20953,6946116
662.637,6030,9
84.514,219963,18589896
1.04,34132,35489
386.364,425,1
35.471,10184661,287126
1.112,6231002,6930334
1.001,4024941,4021945
7.754,3748,29064
1.007,1929456,1943598
47.023,2638,56
291.031,17439,5075327
905.995,12438,11268862
22.114,253,5597
167.926,125680,21104945
23.45,106189,2490177
344.104,25154,73
79.091,87,1
2.772,7744,21468
1.001,1641380,1639682
120.281,29330,3527846
2.126,132,62
1.036,2777247,2878067
93.058,148357,13805827
223.653,5865,1311748
1.043,2089151,2178301
6.457,7865023,1218091
1915.247,1096,2099302
3.672,18117,66531
59.486,72563,4316517
39166.424,4388,171866187
1.059,1375275,1456462
1.061,1300630,1379699
2291.005,7129,16332802
1.105,2618261,2370397
13.124,9936,757
36.19,76,2
51.088,98754,5045105
9077.678,2851,25881367
19.494,1517,29575
1.165,474079,407108
51.54,426021,21956991
174.792,7974,1393807
459.01,2043,937804
627.159,18693,11723554
81.897,14497,1187272
9.836,6068,59688
20.551,91888,1888357
1252.407,49922,62522808
116.393,34,3969
12.696,20213,256635
159.342,38688,6164645
78.204,100121,7829887
12.223,24286,296839
6.302,196,31
974.711,11794,12
12.165,6321,76894
1.269,890143,1129506
23.671,48291,1143082
1.033,1264384,1223559
1.017,4007750,3942450
70.684,8065,114
230.573,3438,792732
1.568,221254,141096
17.005,21707,369140
1.12,820189,918262
3.627,218,60
19.799,528478780,26692766
1.134,2754718,2428527
9.516,107676,1024667
1.708,123956,72592
24.297,24019,583588
3.877,202,52
1.035,181280,187647
1.027,253,260
1.382,65,90
23.629,45257,1069398
1.174,1739506,1481519
1.046,1585637,1658223
13.187,31857,420089
1.232,1869963,1518237
14.165,121612,1722678
1.406,16162,11495
22.973,155491,3572086
31.811,334243,10632620
174.815,18426,3221156
2268.582,31987,14
1263.423,14425,18225008
1.055,2538830,2678759
30.732,4,126
18164.21,1801,32715558
13.081,179373258,13712778
57.825,12426,718536
9522.927,39044,4
1.061,1375011,1295713
15.609,2528,39462
10.662,33835,360746
4.61,69225,319128
896.642,3453,3096193
3.527,1517,430
32.319,126239050,3906025
1.046,1326416,1387066
346.768,142963,49575015
267.201,7741,2068431
1.064,6068,6459
1.249,1805517,1445165
58.872,9781,575836
1.034,1124535,1162698
1.006,3837650,3816012
57.382,959,55035
587.187,1693,994167
60.213,308201,18557697
1.361,127933,94028
21.833,163329,3565962
26.26,1011,26551
28.794,24436,703624
27.049,165,6
15.938,502854029,31550252
1.067,3179418,3391528
2.403,1419,3410
5.709,136,777
26.815,380420635,14186699
4.681,5496,1174
1.144,1842567,1610688
1.941,16618,32256
11.268,80,7
44.242,3922,173523
1.024,257888,251922
1.013,492515,486368
1.272,632002,803708
15.872,10366,164531
1.011,1172150,1159861
1.025,522087,509155
2090.054,22596,47227068
1.035,1979672,2049491
1.001,1558452,1560688
259.716,19685,5112536
13.49,377811042,28007522
7.588,236,31
14.036,403254571,28729595
13.626,1011,13777
61.852,5968,369140
1.669,3164,1896
35.322,69276,2446941
73.647,20394,1501964
255.933,13846,54
41.393,6834,165
429.384,21,9060
1.058,2150224,2274931
9.836,60,6
33.581,60056878,1788419
1.052,148159,155858
429.988,506,217617
1.053,260578,274295
1.018,207687,204032
1.721,28188,48502
103.294,3265,337265
1.095,5309,5811
507.912,29671,15070314
1.002,1623176,1620169
990.416,12675,12553617
42.443,1268552,29888
12.818,232,18
106.731,15380,144
1.024,512742,500611
95.703,66,6326
1.045,4253851,4446580
41.732,128944,5381121
1.128,50061,56480
40.079,89249,3576983
75.271,15965,212
157.395,95105,14969057
1934.708,224,433568
2167.094,11550,25030154
9.473,64711,6831
1.002,22425,22461
53.864,2023,108973
195.921,11383,58
81.523,13378,164
592.249,4941,2926360
347.501,13139,4565856
5336.08,12155,64860590
26.027,384769956,14783451
1.374,154,112
1.088,7259118,7901473
70.403,225525,15877653
22.501,135518,3049296
35.608,97171086,2728943
176.066,1074,6
58.237,17935,1044480
19.561,22712,1161
33.915,83181,2821109
1.002,245780,246385
10.249,452,44
10.976,24587,2240
1.053,3882508,4088125
34.079,268244390,7871159
2.402,221,531
9.41,66,622
14.977,43234,647500
1.723,192,331
54.768,19215,1052378
1.059,2476399,2623167
59.02,224261,13235809
116.364,128,1
1.003,1804456,1799907
626.629,22902,14351111
16.081,50061,805008
24.021,96076,2307831
36.139,9355,338083
467078.274,81,37880048
1.639,10,6
1437.51,101437,145816864
280.164,506,141791
1.084,1181651,1281223
1.041,1291582,1344905
2.592,79,205
513.131,9976,5119047
57.989,159,9226
5357.924,12035,64483151
3125.509,23439,73259119
1.691,62,105
85.661,51120,4379018
1.098,223,245
33.413,33562263,1004474
1.11,1029823,927775
3886.444,16219,63034624
21.709,42476,922126
1.002,557998,556797
8.541,52,445
21.75,107605,2340426
11.311,16940,191604
2164.426,13203,6
675.981,23097,15613201
51.838,174,9025
1.556,8901,13848
1996.149,13247,26443187
23.143,654,15138
81.3,1770,143910
44.232,11494,508404
1.069,4607975,4923966
1.0,707675,707346
227.219,5727,1301308
24038.79,6375,153249691
1.089,6655304,7249786
352.639,7261,2560544
3.664,12324,3363
16.324,18204,297157
31.324,49,1538
7.292,9909,72262
39.772,345367,13735973
2.384,19307,8098
490.0,1,539
31.458,3882,122124
38.714,24758,958487
277.639,127890,35507238
52.073,59695,3108498
42.425,116526,4943636
2.228,3792,1702
349.29,8854,3092652
7.763,151,1173
14.029,123634,1734502
1.156,2244373,1942111
1.028,3566666,3666145
17.017,25751,438211
7624.146,31259,4
17.125,178,3050
1.685,404,681
24.389,14343,588
39.128,16434,643030
33.673,35664434,1059145
115.455,127,1
1.057,100431,95052
6.181,69625385,11265169
1.706,20986,35805
18.247,19468,355231
92.75,61,5667
33.428,185462308,5548188
155.029,1770,274417
14.077,404740589,28752399
735.712,12023,8845540
7.165,506,3626
21.303,478280363,22450947
165.733,4100,679521
14.455,151952,2196536
20.49,12642,259033
1.093,896643,979999
6834.248,16699,114125791
113.491,11247,99
5.663,13412,75949
12.689,262082851,20654008
2600.046,30267,78695866
11.038,128,1414
5.495,13562,74526
1.077,1316916,1418954
1.227,1879095,1531772
1562.396,37324,58315010
45.586,133563,6088631
1.136,2694969,2373370
91.818,101,1
1.514,165,250
1.074,13301707,14292353
1.168,14687363,17160662
5.661,47447,8381
1.06,8127007,8612226
720.761,18115,13056653
14.322,63208,905274
1.086,3348422,3635041
32.907,39433846,1198343
12.6,18204,229364
4.383,167,38
19.255,128027,6649
139.424,17026,2373848
19.278,569144934,29522649
42.63,525,22385
216.432,6260,1354883
150.554,45,6790
274.949,82321,22634105
1.084,11125,10267
1.444,81,56
6.189,77454163,12513861
1.017,437654,430265
1.022,614885,628133
11.886,25283,300510
1.016,956768,972459
87.553,12389,1084708
1.078,1341875,1244515
397.657,23649,9404234
21.548,53347,1149522
1.359,253,186
13.081,179155792,13696010
13.457,110487,1486806
255.337,13046,3331152
16.041,3540,56787
69.49,13793,958487
1.257,260,327
480.163,11612,5575700
35.347,152963,5406842
104.685,46072,440
278.298,14,3924
117.273,129,1
79.57,27407,2180789
34.409,24972353,725756
144.898,3849,557726
91.104,273816,24945844
76.614,17834,1366333
20844.674,5143,107206241
633.643,18439,29
127.569,24851,3170220
15085.714,31680,2
1.573,5934,9337
1186.351,2936,3483246
1.01,4019512,3978845
11.499,1565,136
51.142,1718,87867
251.855,29581,7450162
31.413,296571,9316276
131.54,2275,299266
21.402,4804,102819
1.168,4895788,5719086
194.838,151,29440
4709.285,7766,36572775
44.257,447,10
1.758,4953,8706
60.575,8065,488543
28.771,11465,329863
1.175,2162707,1841178
1.188,33879,40257
4860.434,6318,30708710
15.734,39694,624543
19.381,255087693,13161436
24.883,9060,364
1345.913,4909,6607222
7.057,233,1645
1.067,73083,78005
14.078,90514,1274246
36.1,14948,539629
8.415,140,1179
44.079,13986,616488
22.008,129450,2848951
2.923,16296,47630
17.396,127,2211
311.191,2749,855495
2.29,1186858,518232
20.806,140441,6750
7.252,95,13
15.836,54359,860804
1.044,4024488,4203340
1032.781,10604,10951713
2.116,16642,35208
13.273,19974,265110
240.443,20821,5006291
1.179,5562,6560
239.12,18962,4534215
1.055,195691,206476
7.474,17084,127690
4.811,89783,18662
1.154,6695360,7724082
1.044,4001868,4179892
1.172,3268309,3829124
1.206,284555,235890
1.036,2950507,3057869
1.009,404277,408096
73.724,18492,1363312
1.487,224019,333023
1.119,1426150,1274246
13163.386,4160,54761001
23.45,147401,3456513
776.284,20261,26
8125.688,274,2227251
31.716,109639141,3456884
5.604,51,9
1.182,65678,77637
56.074,25968,463
5.822,4996,858
1.095,1134602,1242313
71.638,15978,1144644
274.366,1948,7
21.964,8390,184278
1.059,2142081,2268933
2.957,217,642
1.144,2492240,2178416
631.226,10211,6445512
1485.324,84812,57
1.147,289532,332089
1.028,2352945,2418004
18.219,646055432,35460246
6052.689,4378,26499276
529.274,10955,5798252
5.619,54,304
4.51,61361,276718
16.726,67253,1124866
1.08,1121143,1037919
40.196,22554,561
18.159,657399911,36201584
1.132,2758632,2436330
1.03,515564,531013
1.0,163331,163320
1.166,2173665,1863785
41.967,256,6
1.005,2796241,2782086
1.746,116194,66532
2.33,75849,176702
796.049,2577,2051497
14.613,1565,107
1769.917,21416,12
11.67,18300,1568
48.285,35854,1731228
7.507,1517,11389
15.729,1517,23862
1.095,363452,397835
84.556,206057,17423318
122.596,2648,324646
1.094,40056,43813
9245.238,19415,2
4943.187,9676,47830770
1.036,1115142,1155215
66.499,10447,157
21.131,52842,1116597
21.312,63461,1352469
2.779,441,1226
1559.487,19123,29822219
96.312,7106,684405
1.897,5413,10271
1.031,288,297
3871.429,8130,2
6.015,506,3044
1.098,339709,373044
1.233,57234,46435
2244.699,22146,49711334
23.102,439426427,19021414
1.441,1112679,1603795
25.452,20226,514791
59.164,105349,6232920
1.657,64660,107161
23.747,7405,175848
51.744,426779,22083089
1.008,383039,380133
269.302,40,10799
1.024,102800,100366
14682.925,3193,46884049
19.04,4804,91469
23.439,414744028,17694805
37.905,11490,435530
88.73,244741,21715967
762.49,2516,1918501
1218.867,7066,8612634
23.141,442,19
25.45,27192,692049
1986.083,125,248459
374.67,105172,39404866
32.149,75533213,2349446
83.426,95823,7994130
709.105,18332,12999388
1.252,1802125,1439481
1081.57,13087,12
1.017,5934288,5832876
15710.0,17281,1
466.303,7282,3395667
58.018,65,3777
1.001,3840817,3844192
163.274,3447,562821
829.713,7096,5887726
21.553,77366,1667433
1.957,239,122
346.884,114612,39757130
461.372,15636,7214056
1.038,4334377,4497668
63.381,215918,13685112
33.441,185027376,5533013
1.138,1336,1521
21.495,466754662,21714125
3.458,5665,1638
1.028,210356,216282
14.333,9332,651
132.364,11926,90
35.295,105683,3730099
1.131,22,25
233.638,118686,27729620
42.518,14664,623489
93.033,11979,1114452
554.08,8685,4812238
9470.076,124058,13
1.397,583662,417714
8049.954,431,3470335
1.069,2503090,2675696
1.077,1267254,1177094
10.081,5309,53521
4.305,65,15
1.075,1303782,1212740
1.153,519250,598457
11063.212,8428,93241859
83.515,50432,4211821
32.853,123339503,3754333
121.589,31351,3811955
67.46,189876,12808953
1.272,180,229
16.248,522172264,32136874
4.971,85,17
156.918,253,39716
16.831,557655477,33133539
3070.798,111815,343361558
1012.178,10223,10
24.436,242,5916
16.309,39947,651483
15.193,34638,526261
691.606,18752,12969072
20.475,504774979,24653540
13.191,165092987,12515682
6.187,78396516,12670688
1.171,175,205
2147.683,10867,23339081
126.602,68305,8647580
2955.185,23937,8
22.252,247,11
12.558,22502,282572
64109.228,693,44434106
2.301,7961,3460
4941.761,6371,31484456
230.832,15258,66
112.64,8013,902594
425.897,56261,132
252.46,26786,106
14.858,92283,1371147
20.437,7838,160187
10947.83,15756,172495110
23.734,1264,30002
13.223,160,12
12.033,37672,453324
27.04,108,2923
1.073,5815,5420
1.076,4895788,4550315
4262.407,10520,44840944
1.029,3112464,3202711
58.754,128944,7575953
6044.516,18738,3
1.024,500431,488604
1.457,240823,165339
1.078,1088942,1173997
1.218,330577,271432
54.428,20,1094
1.053,1612329,1698192
55.204,490998,27105170
430.827,30201,70
18.759,41970,787334
10.748,7838,84247
251.183,29581,7430265
280.906,9298,33
53.401,20191,378
21.569,5867,126550
1.438,1780286,2560674
195.392,8316,1624896
23.676,8005,338
1.044,4330306,4520814
33.353,140736788,4219618
228.452,11217,49
85.119,220722,18787727
1.368,17951,13124
82.353,5013,412844
1.043,3792863,3956225
42.818,131725,5640221
18.652,601909821,32271268
1.144,6826,5966
1.215,1517,1843
1.105,7332,8100
1.031,990686,1021243
33.162,109747874,3309409
21.666,7585,164339
14.894,69276,1031814
1.154,3034,2629
78.627,107,8421
1.133,2347955,2072116
1.021,504606,494287
1.032,155775,160693
58.133,219457,12757625
193.395,5241,27
19.784,534060409,26993945
199.771,1264,252531
2616.943,25545,66850062
1.03,3519165,3623234
1.274,890143,1134038
9.245,3287,30390
1.045,566703,592159
7.247,2322,16828
22.61,55117,1246184
1.508,451,299
15.266,25283,385966
129.83,110087,14292576
1.158,21996,18987
1.008,3837650,3808083
87.137,33208,381
175.735,65917,11583912
1.096,1134602,1243416
24.786,7501,185926
82.504,174,14364
19.552,61904,1210335
3126.754,76,237946
26.515,230,6101
1.2,178029,148309
29.302,9409,275706
1548.815,904,1400284
18631.454,4228,78775652
3547.407,28734,8
19.244,570340997,29637872
1679.022,642,1078100
713.409,268,191265
32.633,758,24739
1.005,347896,349534
1168.241,5960,6962834
970.976,3981,4
1.8,237372,427379
39.835,25030,997071
92.055,21366,232
47.577,412115,19607264
1.175,2154097,1833937
82.861,79136,6557325
59.301,227548,13493841
206.705,130349,26943792
356.747,1119,399236
118.604,7904,937454
415.823,14620,6079370
39.408,4260,108
1.034,406300,420020
3.411,228,778
3834.291,22019,84427645
15.128,8700,575
3.565,118,33
743.84,4851,3608443
16.818,555988237,33060034
1.947,11634,22649
77.693,56381,4380396
31.208,3905,121870
298.961,18796,5619296
1.056,5866044,6192968
39.569,57898,2290991
2.11,1112679,2347737
723.281,27557,38
2.291,1780286,777102
1.033,2893506,2987554
3.429,384,1317
15.365,72057,1107181
1.16,1146712,988188
19.31,27053,522392
3820.56,47877,182917314
7946.364,8741,1
639.223,24162,15444979
18.689,114,6
1.027,253,260
579.35,5615,3253107
1.082,108301,100065
62.743,1517,95187
4.127,215,52
484.265,2582,1250421
5144.426,31381,6
1589.355,4927,3
10301.329,18160,187073157
1.012,152457,150659
1.192,2090173,1753629
926.842,33459,36
28.898,29076,840227
10.736,452,42
1.401,4451,3178
24.914,399847603,16049201
56.704,8001,141
3403.622,11700,39822712
4122.203,74642,307689907
11.197,149544163,13356310
60.8,86721,5272649
31.163,6197783,198881
69.467,253,17582
669.957,12018,8051606
64.377,17895,1152028
747.336,19125,14292882
70.323,218,3
3797.868,29281,111205754
22.684,61185,1387929
1.06,51925,55034
18.201,29834,543015
33.712,57882217,1716941
777.482,29671,23068759
67.735,2241,151802
809.028,29671,24004753
5.235,35084525,6701868
9.423,102917,10922
164.511,11486,1889594
1.2,5222173,6265668
29.692,209850,6230891
1.112,25283,28113
1.21,223,270
5092.606,2507,12767672
2.132,9431,4424
634.676,1922,1219910
25.54,25134,984
1.037,3718218,3856251
13.111,170638372,13015284
2.359,5934,14001
14.752,116050,1711991
74.821,17700,1324331
903.415,66562,60133180
13.219,202968326,15354179
81.763,16279,199
32.818,761,24978
2.554,45991,117453
940.53,21450,20174456
19.47,9102,177216
284.954,20285,5780315
50.0,155,3
1.036,3663026,3796708
36.745,13147,483094
2.73,253,691
264.136,19754,5217772
23.291,10856,466
32.183,18724,602605
1.05,4096142,4302093
187.143,23,4323
17.818,11821,210632
1.58,106,67
1.06,1998220,2118705
1.168,4895788,5719086
95.293,9071,864411
78.095,164,2
53.787,22294,1199126
22.466,64725,1454126
26.494,11883,314832
225.893,3127,706391
1381.696,875,1209122
1.043,4056156,4231294
1.046,33627,35178
15.07,107,7
15.589,9608,149785
18.165,20732,376597
1.011,850837,860215
1.037,223250,231442
979.598,24544,24043344
131459.862,378,49704974
1.015,115544,117253
1913.112,12001,22959449
12.877,758,9762
1.034,1975148,2043011
2188.689,18497,40484408
2.155,18,39
1.096,12016933,10965812
1.311,29671,38911
35.191,2115,60
2588.571,5436,2
1.205,71429,86061
2.601,392,1020
15.415,473351133,30706363
1.055,2436136,2569183
195.927,23435,4591573
1.099,1115149,1225461
1984.065,32264,64014079
1.174,4804,4092
12.932,247,19
1.16,707596,610155
3.577,60,215
1.045,890309,930708
23.45,414707784,17684509
44.722,1517,67847
1529.749,9740,14899908
33.868,112582,3324
66.605,80665,1211
1.011,1930361,1952240
12.483,279552625,22394877
1.018,840922,855698
25.409,714,28
33.218,23260,772649
49.951,403013,20131014
30907.863,2143,66238642
1532.253,22484,34451340
16.442,38430,631872
17.541,35649,625327
6650.258,1041,6923584
39.628,5433,137
1.987,10787,21434
282.857,594,2
1027.273,1130,1
15.668,107,1678
22.453,13147,295188
1.002,4971450,4961386
1045.532,87241,91213337
21.78,458672173,21059461
29.775,206563,6150504
63.966,41401,2648259
4623.415,18956,4
117.081,14477,1694998
31.662,103767557,3277303
35.257,1264,44569
78.182,86,1
272.178,10,2749
1.002,423745,424718
1.018,287216,292486
168.911,94945,562
1.078,654255,705350
17.491,133,2328
3012.064,25283,76154311
182.461,5857,32
5.829,117286697,20122661
56.397,17545,311
741.176,3780,5
1.032,80400,77903
13.21,229100498,17342463
22.179,15928,353273
1977.115,18024,35635723
59.946,25035,1500750
25.133,398470318,15854455
16.574,93,1543
1.097,3674808,4030272
35.882,145125,5207369
39.914,88532,3533663
3507.042,24900,7
1.072,1249509,1339350
115.379,17203,149
71.489,265978,19014639
1.055,4561984,4813360
4768.303,2885,13757032
18.871,5815,109739
3.604,195,54
19.488,10506,204744
1188.883,37823,44967222
31.024,15635,485066
21.147,148159,3133124
1.012,229954,232770
1.041,2735168,2847105
3.097,12187,37742
1480.461,13801,20431992
1.245,1839175,1476877
3.757,195,733
1.004,994385,998211
23.741,2023,48030
104.214,147866,15409739
32.806,114822082,3500068
27.922,4165,116298
162.321,11686,1896896
12.494,65529774,5244938
641.088,33,21220
1.041,320452,333654
1.023,5288934,5408229
1.112,6231002,6930334
1.036,4334377,4489202
64.545,71,1
2388.902,96034,229416095
22.847,47785,1091743
1.254,284555,226927
1.238,9791575,12124492
1.164,1780209,1528873
1.074,158525,147537
4.8,27436968,5715732
1.019,3312422,3376564
3454.422,6418,22170828
5.985,234,39
4165.903,1314,5474413
1.018,3698313,3633704
1.01,186,188
212.43,20952,4450853
16.816,30845,518681
2123.784,13490,28650059
75.325,13039,982171
701.994,3860,2709766
23.164,155744,3607668
14.191,244250634,17212106
1.029,82448,80119
1.061,1375011,1295770
732.416,9545,6990980
16.831,36661,617052
1.022,178499,182393
39.148,22249,871006
20.644,181280,3742364
5780.672,9809,56703192
211.833,5317,25
13.843,5400,390
1.021,144367,147460
5.219,38890181,7451973
1.034,802568,775857
1.003,3698313,3685986
1.187,4895788,5813114
18.161,18710,339788
1.033,108574,105136
23.35,163329,3813789
248.022,65104,16147253
33.687,212138145,6297243
101.362,23589,2391045
7.944,86,684
1.01,230582,228371
44.893,89,4000
24.23,124594,3018878
111.018,135518,15044966
73848.312,848,62630753
127.477,34523,4400900
443.278,3414,1513396
1.231,3573925,4398925
110.69,49113,5436310
71.678,12049,168
1.002,249544,250045
1.085,6676074,7246866
1.028,457877,445194
315.378,7916,25
88.072,126993,11184587
1.01,4030822,4070600
28.712,7585,217784
42.644,58404,2490576
1.015,104672,106247
301.061,8432,2538573
95.278,3657,348443
1.321,221,292
1.0,75344,75372
15.362,9885,151853
1.557,8901,13858
58.3,205046,11954258
11193.437,5698,63781323
50.262,960,19
1.016,372420,366618
8.671,261,30
1.804,15099,27238
389.608,4395,1712366
222.142,45004,9997311
1.07,3187561,3411549
1.395,247,177
5.012,128,642
1.007,578183,582086
583.019,11096,6469239
14.607,160042,2337752
2.194,2967,6509
1.094,890143,813481
316.211,37419,11832331
134.5,94508,12711325
9.219,17969,1949
12.407,30593,379560
3.408,958,281
331.489,4674,14
26.125,47767,1247924
22.531,56,1264
99.0,6657,659052
34.075,305104888,8953949
1.022,120853,123541
2262.201,55437,125409845
17.492,606984029,34700582
3.295,128891,39113
1.368,77146,105520
23.171,3168,73407
4765.971,44335,211299809
8.043,226,28
34.287,139866923,4079251
10621.883,2363,25100572
47.396,2023,95886
12.653,8569,108422
53.629,8605,461486
330.16,7582,2503305
219.154,10228,2241529
1.15,2612782,2272559
67.883,5831,395830
23.208,4189,97219
50.08,126971,6358752
1.04,2077841,2161961
16.379,51578,844804
15.571,6339,407
1.323,242649,183393
1.945,1011,1967
33.577,190971449,5687561
2.182,69225,151017
1.024,2202702,2256092
3158.548,497,1570114
175.867,6037,1061727
1.074,2536115,2723473
685.988,83117,57017325
31.09,48277466,1552821
788.689,14419,11372184
1.368,53853,39380
5.935,66190,11152
85.303,49302,4205636
22.302,26547,592042
11.967,20226,242053
1.065,2150224,2289365
1.112,7827,8705
22.181,194680,4318247
1.079,108717,100754
5.23,189,989
115.504,112,12948
2.123,194,412
1.033,1146816,1109647
20.375,2936,144
1.059,2491328,2639405
16.457,96371,5856
64.839,201,3
1.036,3743552,3879219
1.811,165,299
2.114,2967,6272
941.437,19121,18001304
35.661,82423,2939288
1.195,6535135,7811074
11.619,22333,1922
26.415,18176,688
1830.127,113196,207163240
1.709,2225358,1302302
16.855,12894,217334
55.554,204035,11334971
33.874,256972399,7586222
913.803,1162,1061931
1.032,3437734,3547931
1.253,106005,132786
85.431,136276,11642208
25.606,394809639,15418921
1.056,3229736,3410794
406.274,5077,2062695
34.003,238161584,7004116
139.744,17463,2440369
11781.818,12960,1
658.809,17451,11496936
19.39,561352400,28950284
16.979,8091,137377
10.892,67367,733762
1243.092,21028,26139871
1.001,775955,775555
26.876,19903,534918
76.812,9023,693078
10380.018,114,1184360
1015.296,5530,5614688
173.811,506,87966
1.021,452423,462058
1.525,55,84
17.36,71803,4136
424.845,31481,74
4942.113,3853,19042456
2351.343,46300,108867437
8342.365,20499,171010983
11.965,42223,505211
421.622,21785,9185081
1.525,70814,46421
1.06,1230726,1160899
1.063,1144103,1076484
61.407,24777,1521487
33.62,496475024,14767418
288.697,11991,3461792
1.758,4170,7333
82.162,42,3459
1.128,9410297,10610762
6.053,121,733
54.726,33103,1811615
25.872,27053,699908
943.756,7511,7088649
10266.481,61,627282
22.285,58404,1301542
30.826,81,2500
1022.711,18629,19052191
1.187,13653,11502
7.804,418,3263
1.132,2745586,2424534
622.199,21156,13163296
29.977,6448,215
54.655,68,3722
2225.188,2394,5327322
16.517,18339,302904
80.981,26651,329
45.488,226031,10281684
33.042,121273575,3670294
16.629,140187,2331201
69.012,8,559
1.078,12016933,12952921
20.639,499737015,24213548
1.075,119083,110779
1.024,137540,134369
1.344,28188,37876
1.045,3991011,4171061
4176.102,2977,12432673
2.48,20901,8429
2.844,34084,11985
1.007,538524,534640
29.405,17469774,594112
12.29,13147,161578
85.994,9210,107
1.077,12826964,13809504
73371.681,1883,138166212
15.166,460121947,30338713
8.876,128,1137
22.139,196450,4349126
1.119,1426150,1274246
424.311,15734,6676151
275.113,15980,4396339
1.044,3956177,4131906
23.457,2023,47455
2382.81,12,28832
115.111,7183,826851
7.323,1517,11110
1.054,9393,9903
72.291,4590,331825
29160.0,32076,1
8.259,166,20
8.607,7317,850
280.93,59343,16671276
5.771,212,1224
9.008,16478,148435
1.055,2439303,2572807
1.817,53409,29395
1488.366,43705,65049186
589.956,134569,228
236.364,260,1
92.683,380,4
1.017,1841240,1872237
1094.985,36244,33
60.593,30363,501
1.816,13789,7592
1.532,11,17
20.591,21238,437320
19.51,106,2070
29.452,29297,862850
226.137,3270,739489
32.046,106739593,3330777
14.093,50566,712642
1779.28,47777,85008830
1132.951,6911,6
1427.818,21691,30970934
1.03,3834031,3722905
1.018,3836293,3770050
35.265,328681,11590944
1.084,24730,26803
71.772,758,54410
82.648,5057,417958
1.211,6826,8268
8.533,6220,53078
1108.195,14928,16543245
13.242,155162037,11717415
1.042,3792,3640
15.128,253,3829
1.029,62702,64542
9.498,9575,1008
6.209,12121,1952
282.56,24503,6923584
1601.813,1470,2354825
18.801,19972,375492
669.227,12113,18
1.192,11883,9965
1.205,1988678,1650987
22.174,5057,112138
23.348,96076,2243164
29.458,28814253,978161
1.054,482703,508759
1696.147,4833,8197650
1.03,87227,84684
1.067,11883,11141
17.486,36913,645461
751.168,15777,11851246
10.607,27559,292333
33.152,157082987,4738306
14.418,81159,1170137
14.126,38936,550008
1.099,1086196,1194217
1.029,385062,396359
17.794,8596,152961
1.005,1825406,1834134
28.759,370779639,12892815
984.175,22216,21864536
34.044,115619457,3396194
71.157,431077,30674258
1.039,8091,8406
1.051,3042795,3197475
14.286,30,2
1.044,3998249,4174646
55.84,253,14133
143.207,66,9466
1.06,5748842,6095837
1407.055,32519,45756175
1.035,224008,231739
3528.594,7743,27322258
6.179,2670430,432212
11.308,84,951
1.155,2501372,2165934
52993.186,1414,74937664
38.516,3894,101
100.841,24817,246
1.058,1682450,1780712
118.75,24925,2959863
2252.807,110,248034
1.811,25221,45664
1.043,6152373,6419722
87.447,9453,108
1.112,6231002,6930334
97.058,9660,937589
734.357,707,519264
6.048,5734,948
1.489,147,219
2.814,141,397
15.748,78378,1234330
187.132,16603,3106967
1.044,842227,879178
12.185,294630272,24179598
1.106,172178,155637
1.069,38683,41360
19.386,565448011,29167158
1.026,4001868,3900441
21.849,49808,1088237
305.352,7,2168
8.834,162,1432
1.008,671014,665943
1.527,44507,29145
3180.746,10350,32921039
1.06,2114937,2240815
48.096,24823,1193887
1.394,29671,41366
8.486,134310,15827
33.527,65457,2194561
20.258,510972762,25222753
4050.813,4949,20047879
197.53,700,138291
36.824,24013,652
1.078,5008539,5401631
1.023,263956,258048
3.212,40510,130101
2969.901,29996,10
44.145,80,3536
134.345,28629,213
16.409,42728,701118
2.736,11901,32556
20.044,758,15195
18222.57,2257,41130163
14.71,161559,2376464
6.836,7890,53934
778.499,118047,91899495
14.268,93800,1338354
191.958,506,97150
5.268,267043,1406679
115.468,10042,1159540
59.313,35475,598
1.265,608265,769577
59.877,568617,34046820
13.646,247,18
2.878,321,924
2.312,2967,6859
16.554,12642,209279
1.685,239,403
1.119,1426150,1274246
178.28,47,8397
4.175,616154,147583
27.343,9190,336
507.682,1210,614346
1058.939,24316,25749264
679.099,4768,3238014
1.053,494918,521182
1.073,1286562,1198535
1.049,2388183,2505750
13.197,165564163,12545657
1.002,1818620,1822755
1.059,3162227,3349949
1.319,201766,152961
34.39,321348,11051108
84.527,12772,151
3.938,118102,465142
61.733,91019,5618891
12.554,2989,238
360.407,7965,22
13.336,41970,559695
2.506,13987,5581
1.106,1910143,1727842
1999.864,2525,5049856
26.058,384588734,14758756
29.973,192152,5759287
206.577,4840,999854
31.581,59523,1879773
12.353,63,5
2684.754,16377,6
2.995,244,731
1.004,1798262,1791112
